[{"model": "admin.logentry", "pk": 1, "fields": {"action_time": "2023-06-02T12:10:10.175Z", "user": 1, "content_type": 8, "object_id": "1", "object_repr": "09981879975", "action_flag": 2, "change_message": "[{\"changed\": {\"fields\": [\"Profile\", \"Email\", \"First name\", \"Last name\", \"National code\"]}}]"}}, {"model": "admin.logentry", "pk": 2, "fields": {"action_time": "2023-06-02T17:30:35.825Z", "user": 1, "content_type": 8, "object_id": "2", "object_repr": "", "action_flag": 3, "change_message": ""}}, {"model": "admin.logentry", "pk": 3, "fields": {"action_time": "2023-06-03T09:45:19.711Z", "user": 1, "content_type": 13, "object_id": "1", "object_repr": "ادویه", "action_flag": 1, "change_message": "[{\"added\": {}}]"}}, {"model": "admin.logentry", "pk": 4, "fields": {"action_time": "2023-06-03T09:55:37.814Z", "user": 1, "content_type": 13, "object_id": "1", "object_repr": "ادویه غذا", "action_flag": 2, "change_message": "[{\"changed\": {\"fields\": [\"Title ir\", \"Title en\", \"Display title\", \"Slug\"]}}]"}}, {"model": "admin.logentry", "pk": 5, "fields": {"action_time": "2023-06-03T09:56:42.703Z", "user": 1, "content_type": 13, "object_id": "2", "object_repr": "ادویه نوشیدنی", "action_flag": 1, "change_message": "[{\"added\": {}}]"}}, {"model": "admin.logentry", "pk": 6, "fields": {"action_time": "2023-06-03T09:57:39.575Z", "user": 1, "content_type": 13, "object_id": "3", "object_repr": "ادویه دارویی", "action_flag": 1, "change_message": "[{\"added\": {}}]"}}, {"model": "admin.logentry", "pk": 7, "fields": {"action_time": "2023-06-03T09:58:34.120Z", "user": 1, "content_type": 13, "object_id": "4", "object_repr": "ادویه گوشت ومرغ", "action_flag": 1, "change_message": "[{\"added\": {}}]"}}, {"model": "admin.logentry", "pk": 8, "fields": {"action_time": "2023-06-03T09:59:10.277Z", "user": 1, "content_type": 13, "object_id": "5", "object_repr": "ادویه سبزیجات", "action_flag": 1, "change_message": "[{\"added\": {}}]"}}, {"model": "admin.logentry", "pk": 9, "fields": {"action_time": "2023-06-03T09:59:42.576Z", "user": 1, "content_type": 13, "object_id": "6", "object_repr": "ادویه چای", "action_flag": 1, "change_message": "[{\"added\": {}}]"}}, {"model": "admin.logentry", "pk": 10, "fields": {"action_time": "2023-06-03T10:00:02.403Z", "user": 1, "content_type": 13, "object_id": "7", "object_repr": "ادویه قهوه", "action_flag": 1, "change_message": "[{\"added\": {}}]"}}, {"model": "admin.logentry", "pk": 11, "fields": {"action_time": "2023-06-03T10:01:48.192Z", "user": 1, "content_type": 13, "object_id": "8", "object_repr": "ادویه سرماخوردگی", "action_flag": 1, "change_message": "[{\"added\": {}}]"}}, {"model": "admin.logentry", "pk": 12, "fields": {"action_time": "2023-06-03T10:02:01.844Z", "user": 1, "content_type": 13, "object_id": "7", "object_repr": "ادویه قهوه", "action_flag": 2, "change_message": "[{\"changed\": {\"fields\": [\"Parent\"]}}]"}}, {"model": "admin.logentry", "pk": 13, "fields": {"action_time": "2023-06-03T10:02:28.868Z", "user": 1, "content_type": 13, "object_id": "9", "object_repr": "ادویه درد مفاصل", "action_flag": 1, "change_message": "[{\"added\": {}}]"}}, {"model": "admin.logentry", "pk": 14, "fields": {"action_time": "2023-06-03T11:35:31.975Z", "user": 1, "content_type": 17, "object_id": "1", "object_repr": "وزن - weight", "action_flag": 1, "change_message": "[{\"added\": {}}]"}}, {"model": "admin.logentry", "pk": 15, "fields": {"action_time": "2023-06-03T11:36:39.600Z", "user": 1, "content_type": 16, "object_id": "1", "object_repr": "کیلو گرم", "action_flag": 1, "change_message": "[{\"added\": {}}]"}}, {"model": "admin.logentry", "pk": 16, "fields": {"action_time": "2023-06-03T11:36:43.030Z", "user": 1, "content_type": 16, "object_id": "2", "object_repr": "گرم", "action_flag": 1, "change_message": "[{\"added\": {}}]"}}, {"model": "admin.logentry", "pk": 17, "fields": {"action_time": "2023-06-03T11:36:45.772Z", "user": 1, "content_type": 18, "object_id": "1", "object_repr": "1 - کیلو گرم", "action_flag": 1, "change_message": "[{\"added\": {}}]"}}, {"model": "admin.logentry", "pk": 18, "fields": {"action_time": "2023-06-03T11:37:10.305Z", "user": 1, "content_type": 14, "object_id": "1", "object_repr": "دارچین", "action_flag": 1, "change_message": "[{\"added\": {}}, {\"added\": {\"name\": \"product variant\", \"object\": \"\\u062f\\u0627\\u0631\\u0686\\u06cc\\u0646\"}}]"}}, {"model": "admin.logentry", "pk": 19, "fields": {"action_time": "2023-06-03T12:13:21.401Z", "user": 1, "content_type": 18, "object_id": "2", "object_repr": "100 - گرم", "action_flag": 1, "change_message": "[{\"added\": {}}]"}}, {"model": "admin.logentry", "pk": 20, "fields": {"action_time": "2023-06-03T12:14:31.786Z", "user": 1, "content_type": 14, "object_id": "2", "object_repr": "پوست پرتقال", "action_flag": 1, "change_message": "[{\"added\": {}}, {\"added\": {\"name\": \"product variant\", \"object\": \"\\u067e\\u0648\\u0633\\u062a \\u067e\\u0631\\u062a\\u0642\\u0627\\u0644\"}}, {\"added\": {\"name\": \"product variant\", \"object\": \"\\u067e\\u0648\\u0633\\u062a \\u067e\\u0631\\u062a\\u0642\\u0627\\u0644\"}}]"}}, {"model": "admin.logentry", "pk": 21, "fields": {"action_time": "2023-06-03T12:15:28.471Z", "user": 1, "content_type": 14, "object_id": "3", "object_repr": "فلفل سیاه", "action_flag": 1, "change_message": "[{\"added\": {}}, {\"added\": {\"name\": \"product variant\", \"object\": \"\\u0641\\u0644\\u0641\\u0644 \\u0633\\u06cc\\u0627\\u0647\"}}, {\"added\": {\"name\": \"product variant\", \"object\": \"\\u0641\\u0644\\u0641\\u0644 \\u0633\\u06cc\\u0627\\u0647\"}}]"}}, {"model": "admin.logentry", "pk": 22, "fields": {"action_time": "2023-06-03T12:15:58.151Z", "user": 1, "content_type": 14, "object_id": "4", "object_repr": "زعفران", "action_flag": 1, "change_message": "[{\"added\": {}}, {\"added\": {\"name\": \"product variant\", \"object\": \"\\u0632\\u0639\\u0641\\u0631\\u0627\\u0646\"}}, {\"added\": {\"name\": \"product variant\", \"object\": \"\\u0632\\u0639\\u0641\\u0631\\u0627\\u0646\"}}]"}}, {"model": "admin.logentry", "pk": 23, "fields": {"action_time": "2023-06-03T12:16:32.998Z", "user": 1, "content_type": 14, "object_id": "5", "object_repr": "زنجبیل", "action_flag": 1, "change_message": "[{\"added\": {}}, {\"added\": {\"name\": \"product variant\", \"object\": \"\\u0632\\u0646\\u062c\\u0628\\u06cc\\u0644\"}}]"}}, {"model": "admin.logentry", "pk": 24, "fields": {"action_time": "2023-06-03T12:17:10.358Z", "user": 1, "content_type": 14, "object_id": "6", "object_repr": "آویشن", "action_flag": 1, "change_message": "[{\"added\": {}}, {\"added\": {\"name\": \"product variant\", \"object\": \"\\u0622\\u0648\\u06cc\\u0634\\u0646\"}}]"}}, {"model": "admin.logentry", "pk": 25, "fields": {"action_time": "2023-06-03T12:17:49.728Z", "user": 1, "content_type": 14, "object_id": "7", "object_repr": "کنجد", "action_flag": 1, "change_message": "[{\"added\": {}}, {\"added\": {\"name\": \"product variant\", \"object\": \"\\u06a9\\u0646\\u062c\\u062f\"}}]"}}, {"model": "admin.logentry", "pk": 26, "fields": {"action_time": "2023-06-03T12:18:52.055Z", "user": 1, "content_type": 14, "object_id": "8", "object_repr": "دانه های لین", "action_flag": 1, "change_message": "[{\"added\": {}}, {\"added\": {\"name\": \"product variant\", \"object\": \"\\u062f\\u0627\\u0646\\u0647 \\u0647\\u0627\\u06cc \\u0644\\u06cc\\u0646\"}}]"}}, {"model": "admin.logentry", "pk": 27, "fields": {"action_time": "2023-06-03T12:19:14.190Z", "user": 1, "content_type": 14, "object_id": "9", "object_repr": "زردچوبه", "action_flag": 1, "change_message": "[{\"added\": {}}, {\"added\": {\"name\": \"product variant\", \"object\": \"\\u0632\\u0631\\u062f\\u0686\\u0648\\u0628\\u0647\"}}]"}}, {"model": "admin.logentry", "pk": 28, "fields": {"action_time": "2023-06-03T12:19:40.107Z", "user": 1, "content_type": 14, "object_id": "10", "object_repr": "رازیانه", "action_flag": 1, "change_message": "[{\"added\": {}}, {\"added\": {\"name\": \"product variant\", \"object\": \"\\u0631\\u0627\\u0632\\u06cc\\u0627\\u0646\\u0647\"}}]"}}, {"model": "admin.logentry", "pk": 29, "fields": {"action_time": "2023-06-03T12:20:02.787Z", "user": 1, "content_type": 14, "object_id": "11", "object_repr": "کارداموم", "action_flag": 1, "change_message": "[{\"added\": {}}, {\"added\": {\"name\": \"product variant\", \"object\": \"\\u06a9\\u0627\\u0631\\u062f\\u0627\\u0645\\u0648\\u0645\"}}]"}}, {"model": "admin.logentry", "pk": 30, "fields": {"action_time": "2023-06-03T12:20:41.884Z", "user": 1, "content_type": 14, "object_id": "12", "object_repr": "نیم دانه خردل", "action_flag": 1, "change_message": "[{\"added\": {}}, {\"added\": {\"name\": \"product variant\", \"object\": \"\\u0646\\u06cc\\u0645 \\u062f\\u0627\\u0646\\u0647 \\u062e\\u0631\\u062f\\u0644\"}}]"}}, {"model": "admin.logentry", "pk": 31, "fields": {"action_time": "2023-06-03T15:02:01.628Z", "user": 1, "content_type": 13, "object_id": "1", "object_repr": "ادویه غذا", "action_flag": 2, "change_message": "[{\"changed\": {\"fields\": [\"Order\"]}}]"}}, {"model": "admin.logentry", "pk": 32, "fields": {"action_time": "2023-06-03T15:02:43.559Z", "user": 1, "content_type": 13, "object_id": "2", "object_repr": "ادویه نوشیدنی", "action_flag": 2, "change_message": "[]"}}, {"model": "admin.logentry", "pk": 33, "fields": {"action_time": "2023-06-03T15:03:48.887Z", "user": 1, "content_type": 13, "object_id": "2", "object_repr": "ادویه نوشیدنی", "action_flag": 2, "change_message": "[]"}}, {"model": "admin.logentry", "pk": 34, "fields": {"action_time": "2023-06-03T15:05:18.163Z", "user": 1, "content_type": 13, "object_id": "2", "object_repr": "ادویه نوشیدنی", "action_flag": 2, "change_message": "[]"}}, {"model": "admin.logentry", "pk": 35, "fields": {"action_time": "2023-06-03T15:15:19.120Z", "user": 1, "content_type": 13, "object_id": "2", "object_repr": "ادویه نوشیدنی", "action_flag": 2, "change_message": "[]"}}, {"model": "admin.logentry", "pk": 36, "fields": {"action_time": "2023-06-03T15:15:38.123Z", "user": 1, "content_type": 13, "object_id": "2", "object_repr": "ادویه نوشیدنی", "action_flag": 2, "change_message": "[]"}}, {"model": "admin.logentry", "pk": 37, "fields": {"action_time": "2023-06-03T15:20:34.967Z", "user": 1, "content_type": 13, "object_id": "2", "object_repr": "ادویه نوشیدنی", "action_flag": 2, "change_message": "[{\"changed\": {\"fields\": [\"Image\"]}}]"}}, {"model": "admin.logentry", "pk": 38, "fields": {"action_time": "2023-06-03T15:20:40.727Z", "user": 1, "content_type": 13, "object_id": "2", "object_repr": "ادویه نوشیدنی", "action_flag": 2, "change_message": "[]"}}, {"model": "admin.logentry", "pk": 39, "fields": {"action_time": "2023-06-03T15:21:01.340Z", "user": 1, "content_type": 13, "object_id": "2", "object_repr": "ادویه نوشیدنی", "action_flag": 2, "change_message": "[{\"changed\": {\"fields\": [\"Image\"]}}]"}}, {"model": "admin.logentry", "pk": 40, "fields": {"action_time": "2023-06-03T15:21:47.176Z", "user": 1, "content_type": 13, "object_id": "2", "object_repr": "ادویه نوشیدنی", "action_flag": 2, "change_message": "[]"}}, {"model": "admin.logentry", "pk": 41, "fields": {"action_time": "2023-06-03T15:22:24.588Z", "user": 1, "content_type": 13, "object_id": "2", "object_repr": "ادویه نوشیدنی", "action_flag": 2, "change_message": "[]"}}, {"model": "admin.logentry", "pk": 42, "fields": {"action_time": "2023-06-03T15:23:01.250Z", "user": 1, "content_type": 13, "object_id": "2", "object_repr": "ادویه نوشیدنی", "action_flag": 2, "change_message": "[]"}}, {"model": "admin.logentry", "pk": 43, "fields": {"action_time": "2023-06-03T15:23:08.577Z", "user": 1, "content_type": 13, "object_id": "3", "object_repr": "ادویه دارویی", "action_flag": 2, "change_message": "[]"}}, {"model": "admin.logentry", "pk": 44, "fields": {"action_time": "2023-06-03T15:43:39.103Z", "user": 1, "content_type": 13, "object_id": "2", "object_repr": "ادویه نوشیدنی", "action_flag": 2, "change_message": "[{\"changed\": {\"fields\": [\"Image\"]}}]"}}, {"model": "admin.logentry", "pk": 45, "fields": {"action_time": "2023-06-03T15:46:54.693Z", "user": 1, "content_type": 13, "object_id": "8", "object_repr": "ادویه سرماخوردگی", "action_flag": 2, "change_message": "[{\"changed\": {\"fields\": [\"Image\"]}}]"}}, {"model": "admin.logentry", "pk": 46, "fields": {"action_time": "2023-06-03T15:49:42.800Z", "user": 1, "content_type": 13, "object_id": "6", "object_repr": "ادویه چای", "action_flag": 2, "change_message": "[{\"changed\": {\"fields\": [\"Image\"]}}]"}}, {"model": "admin.logentry", "pk": 47, "fields": {"action_time": "2023-06-03T18:51:45.324Z", "user": 1, "content_type": 24, "object_id": "1", "object_repr": "بنر اصلی - slider", "action_flag": 1, "change_message": "[{\"added\": {}}]"}}, {"model": "admin.logentry", "pk": 48, "fields": {"action_time": "2023-06-03T18:51:57.856Z", "user": 1, "content_type": 24, "object_id": "1", "object_repr": "بنر اصلی - slider", "action_flag": 2, "change_message": "[]"}}, {"model": "admin.logentry", "pk": 49, "fields": {"action_time": "2023-06-03T18:52:21.678Z", "user": 1, "content_type": 24, "object_id": "1", "object_repr": "بنر اصلی - slider", "action_flag": 3, "change_message": ""}}, {"model": "admin.logentry", "pk": 50, "fields": {"action_time": "2023-06-03T18:53:26.324Z", "user": 1, "content_type": 24, "object_id": "2", "object_repr": "بنر اصلی - slider", "action_flag": 1, "change_message": "[{\"added\": {}}]"}}, {"model": "admin.logentry", "pk": 51, "fields": {"action_time": "2023-06-03T18:53:31.943Z", "user": 1, "content_type": 24, "object_id": "2", "object_repr": "بنر اصلی - slider", "action_flag": 2, "change_message": "[]"}}, {"model": "admin.logentry", "pk": 52, "fields": {"action_time": "2023-06-03T19:12:55.456Z", "user": 1, "content_type": 24, "object_id": "2", "object_repr": "بنر اصلی - slider", "action_flag": 2, "change_message": "[]"}}, {"model": "admin.logentry", "pk": 53, "fields": {"action_time": "2023-06-03T19:13:40.553Z", "user": 1, "content_type": 24, "object_id": "2", "object_repr": "بنر اصلی - slider", "action_flag": 2, "change_message": "[{\"changed\": {\"fields\": [\"Image\"]}}]"}}, {"model": "admin.logentry", "pk": 54, "fields": {"action_time": "2023-06-03T19:13:57.549Z", "user": 1, "content_type": 24, "object_id": "2", "object_repr": "بنر اصلی - slider", "action_flag": 2, "change_message": "[{\"changed\": {\"fields\": [\"Image\"]}}]"}}, {"model": "admin.logentry", "pk": 55, "fields": {"action_time": "2023-06-03T19:14:54Z", "user": 1, "content_type": 24, "object_id": "2", "object_repr": "بنر اصلی - slider", "action_flag": 2, "change_message": "[]"}}, {"model": "admin.logentry", "pk": 56, "fields": {"action_time": "2023-06-03T19:15:03.328Z", "user": 1, "content_type": 24, "object_id": "2", "object_repr": "بنر اصلی - slider", "action_flag": 2, "change_message": "[{\"changed\": {\"fields\": [\"Image\"]}}]"}}, {"model": "admin.logentry", "pk": 57, "fields": {"action_time": "2023-06-03T19:15:39.484Z", "user": 1, "content_type": 24, "object_id": "2", "object_repr": "بنر اصلی - slider", "action_flag": 2, "change_message": "[{\"changed\": {\"fields\": [\"Image\"]}}]"}}, {"model": "admin.logentry", "pk": 58, "fields": {"action_time": "2023-06-03T19:31:38.586Z", "user": 1, "content_type": 24, "object_id": "2", "object_repr": "بنر اصلی - SLIDER", "action_flag": 2, "change_message": "[{\"changed\": {\"fields\": [\"Image\"]}}]"}}, {"model": "admin.logentry", "pk": 59, "fields": {"action_time": "2023-06-03T19:32:05.795Z", "user": 1, "content_type": 24, "object_id": "3", "object_repr": "tet - BANNER", "action_flag": 1, "change_message": "[{\"added\": {}}]"}}, {"model": "admin.logentry", "pk": 60, "fields": {"action_time": "2023-06-03T19:33:45.211Z", "user": 1, "content_type": 24, "object_id": "3", "object_repr": "tet - BANNER", "action_flag": 2, "change_message": "[]"}}, {"model": "admin.logentry", "pk": 61, "fields": {"action_time": "2023-06-03T19:36:10.018Z", "user": 1, "content_type": 24, "object_id": "3", "object_repr": "tet - BANNER", "action_flag": 2, "change_message": "[{\"changed\": {\"fields\": [\"Image\"]}}]"}}, {"model": "admin.logentry", "pk": 62, "fields": {"action_time": "2023-06-03T19:38:52.098Z", "user": 1, "content_type": 24, "object_id": "3", "object_repr": "tet - BANNER", "action_flag": 2, "change_message": "[]"}}, {"model": "admin.logentry", "pk": 63, "fields": {"action_time": "2023-06-03T19:39:37.426Z", "user": 1, "content_type": 24, "object_id": "2", "object_repr": "بنر اصلی - SLIDER", "action_flag": 3, "change_message": ""}}, {"model": "admin.logentry", "pk": 64, "fields": {"action_time": "2023-06-03T19:42:14.545Z", "user": 1, "content_type": 24, "object_id": "4", "object_repr": "main - SLIDER", "action_flag": 1, "change_message": "[{\"added\": {}}]"}}, {"model": "admin.logentry", "pk": 65, "fields": {"action_time": "2023-06-03T19:42:43.094Z", "user": 1, "content_type": 24, "object_id": "5", "object_repr": "Anoter - SLIDER", "action_flag": 1, "change_message": "[{\"added\": {}}]"}}, {"model": "admin.logentry", "pk": 66, "fields": {"action_time": "2023-06-03T19:43:45.662Z", "user": 1, "content_type": 24, "object_id": "6", "object_repr": "banner 2 - BANNER", "action_flag": 1, "change_message": "[{\"added\": {}}]"}}, {"model": "admin.logentry", "pk": 67, "fields": {"action_time": "2023-06-03T19:44:03.461Z", "user": 1, "content_type": 24, "object_id": "6", "object_repr": "banner 2 - BANNER", "action_flag": 2, "change_message": "[{\"changed\": {\"fields\": [\"Image\"]}}]"}}, {"model": "admin.logentry", "pk": 68, "fields": {"action_time": "2023-06-03T19:45:18.536Z", "user": 1, "content_type": 24, "object_id": "6", "object_repr": "banner 2 - BANNER", "action_flag": 2, "change_message": "[{\"changed\": {\"fields\": [\"Image\"]}}]"}}, {"model": "admin.logentry", "pk": 69, "fields": {"action_time": "2023-06-03T19:45:29.751Z", "user": 1, "content_type": 24, "object_id": "6", "object_repr": "banner 2 - BANNER", "action_flag": 2, "change_message": "[{\"changed\": {\"fields\": [\"Image\"]}}]"}}, {"model": "admin.logentry", "pk": 70, "fields": {"action_time": "2023-06-04T16:31:42.578Z", "user": 1, "content_type": 24, "object_id": "6", "object_repr": "banner 2 - BANNER", "action_flag": 2, "change_message": "[{\"changed\": {\"fields\": [\"Image\"]}}]"}}, {"model": "admin.logentry", "pk": 71, "fields": {"action_time": "2023-06-04T16:31:48.719Z", "user": 1, "content_type": 24, "object_id": "3", "object_repr": "tet - BANNER", "action_flag": 2, "change_message": "[{\"changed\": {\"fields\": [\"Image\"]}}]"}}, {"model": "admin.logentry", "pk": 72, "fields": {"action_time": "2023-06-04T20:01:39.941Z", "user": 1, "content_type": 24, "object_id": "4", "object_repr": "main - SLIDER", "action_flag": 2, "change_message": "[{\"changed\": {\"fields\": [\"Image\"]}}]"}}, {"model": "admin.logentry", "pk": 73, "fields": {"action_time": "2023-06-05T11:13:21.570Z", "user": 1, "content_type": 8, "object_id": "1", "object_repr": "09981879975", "action_flag": 2, "change_message": "[{\"changed\": {\"fields\": [\"Email\"]}}]"}}, {"model": "admin.logentry", "pk": 74, "fields": {"action_time": "2023-06-05T11:14:35.085Z", "user": 1, "content_type": 11, "object_id": "31", "object_repr": "taymazak1382@gmail.com : 20873", "action_flag": 1, "change_message": "[{\"added\": {}}]"}}, {"model": "admin.logentry", "pk": 75, "fields": {"action_time": "2023-06-06T12:32:43.786Z", "user": 1, "content_type": 25, "object_id": "6", "object_repr": "taymazak1382@gmail.com : F4BMuwR8ciUMLcJqRBX6Qx2GHniTmGdlInU25fM5Uj3fVLkt4bO3U7jWy1KqQn1bt4LoSqB9uj7R1KhCWRvYA48MbVj4VXNlTuoBrNm1lTR3xoxjqeHJnRoE6oq23FuwBvExdpk43GpZXjRv7hJGSOwBzJgAGZdmKt0ez1fnWbzB6OQ", "action_flag": 3, "change_message": ""}}, {"model": "admin.logentry", "pk": 76, "fields": {"action_time": "2023-06-06T12:32:43.795Z", "user": 1, "content_type": 25, "object_id": "5", "object_repr": "taymazak1382@gmail.com : Mjq5KKbD4lWd4dargRKYRpxsPDDUB0AqW6CpaFQu9yPyj8ZVSu1C5FRE64g4tp3caaF1n7d90PbO44wszpkA0rN810A1Yryl7IgZA6eJ7sfIgLVezm0GSkVH4PVLZC8NHqS5gIeLhht49XnKH63us0OaXjR0eQmTwhmgKQ5H5IECpOV", "action_flag": 3, "change_message": ""}}, {"model": "admin.logentry", "pk": 77, "fields": {"action_time": "2023-06-06T12:32:43.815Z", "user": 1, "content_type": 25, "object_id": "4", "object_repr": "taymazak1382@gmail.com : x2owIPce8XFtIHpWESoSjLrQFpcdELMMLvX8FnDqUFBAaPTPYRVcl3DbpFbzd9jwRxRYqf5qtztEXbHQlPjJ7a4mblDI6BRkST8GcaXk63v5LmwBvW7nBb6AfwiM3Vhmk1CvctuLbgbQeNSig0qYt1kdazKCl70F0X5rhmxZTX9nIfI", "action_flag": 3, "change_message": ""}}, {"model": "admin.logentry", "pk": 78, "fields": {"action_time": "2023-06-06T12:32:43.823Z", "user": 1, "content_type": 25, "object_id": "3", "object_repr": "taymazak1382@gmail.com : NG55iTWIqcpxqR2W6ZDgqpNNlgUoB0RXTuHiqZWusEpC3enx9AB420Vxaoh5EMsDW9IN4ZKnpflZRmO7Zz5BIDD7je5cVRbBupN7aNySnGXwYrwQ2E0YHR4olVwcylTbkZpfGUtrXWYxxTv4K7FFfhFC0qv6KrD4nNSDUItsSII1jNV", "action_flag": 3, "change_message": ""}}, {"model": "admin.logentry", "pk": 79, "fields": {"action_time": "2023-06-06T12:32:43.830Z", "user": 1, "content_type": 25, "object_id": "2", "object_repr": "taymazak1382@gmail.com : nu9GuGLkpEB8foka2wx1EOv21PXF1lndRNofmzyGFd1MfTGs547JaKgbNq1gTsFU5zj7xMLpNR8MJyLRVlGGleMQC6OsyrTj0axsYhIfD7DYGimKyvvNoRYui3IHgrqhM87lAhiMfHNqOS9FGRxpHRJaRyB3VViSEa8SRBWZOrYDRHn", "action_flag": 3, "change_message": ""}}, {"model": "admin.logentry", "pk": 80, "fields": {"action_time": "2023-06-06T12:32:43.839Z", "user": 1, "content_type": 25, "object_id": "1", "object_repr": "taymazak1382@gmail.com : aZs3ZldbaLIm0cOCh2ALa3vS169Iq9RGZtdMHjjbrk5AAr8UCj6iFAFTo8f6NACEzkQPBDVdrp3vmyayM8a2eZDKFWQDqv2qN4KNhXggF2tYqNSgW4o33AP9PfY5cmINNYl9pA5Kg6VSJ5mn8bctgNuMZchBeAb7JFpeIz8MflEdtp4", "action_flag": 3, "change_message": ""}}, {"model": "admin.logentry", "pk": 81, "fields": {"action_time": "2023-06-06T18:19:51.978Z", "user": 1, "content_type": 14, "object_id": "10", "object_repr": "رازیانه - fennel", "action_flag": 2, "change_message": "[{\"changed\": {\"fields\": [\"Image\"]}}]"}}, {"model": "admin.logentry", "pk": 82, "fields": {"action_time": "2023-06-06T18:20:49.638Z", "user": 1, "content_type": 14, "object_id": "10", "object_repr": "رازیانه - fennel", "action_flag": 2, "change_message": "[{\"changed\": {\"fields\": [\"Image\"]}}]"}}, {"model": "admin.logentry", "pk": 83, "fields": {"action_time": "2023-06-06T18:22:25.286Z", "user": 1, "content_type": 14, "object_id": "10", "object_repr": "رازیانه - fennel", "action_flag": 2, "change_message": "[{\"changed\": {\"fields\": [\"Image\"]}}]"}}, {"model": "admin.logentry", "pk": 84, "fields": {"action_time": "2023-06-06T18:22:50.460Z", "user": 1, "content_type": 14, "object_id": "10", "object_repr": "رازیانه - fennel", "action_flag": 2, "change_message": "[{\"changed\": {\"fields\": [\"Image\"]}}]"}}, {"model": "admin.logentry", "pk": 85, "fields": {"action_time": "2023-06-06T18:25:51.987Z", "user": 1, "content_type": 15, "object_id": "1", "object_repr": "توضیحات محصول", "action_flag": 1, "change_message": "[{\"added\": {}}]"}}, {"model": "admin.logentry", "pk": 86, "fields": {"action_time": "2023-06-06T18:26:10.766Z", "user": 1, "content_type": 15, "object_id": "2", "object_repr": "ویژگی محصول", "action_flag": 1, "change_message": "[{\"added\": {}}]"}}, {"model": "admin.logentry", "pk": 87, "fields": {"action_time": "2023-06-06T18:26:19.343Z", "user": 1, "content_type": 14, "object_id": "10", "object_repr": "رازیانه - fennel", "action_flag": 2, "change_message": "[{\"added\": {\"name\": \"product property\", \"object\": \"\\u062a\\u0648\\u0636\\u06cc\\u062d\\u0627\\u062a \\u0645\\u062d\\u0635\\u0648\\u0644\"}}, {\"added\": {\"name\": \"product property\", \"object\": \"\\u0648\\u06cc\\u0698\\u06af\\u06cc \\u0645\\u062d\\u0635\\u0648\\u0644\"}}]"}}, {"model": "admin.logentry", "pk": 88, "fields": {"action_time": "2023-06-06T18:29:28.881Z", "user": 1, "content_type": 15, "object_id": "3", "object_repr": "مناسب برای", "action_flag": 1, "change_message": "[{\"added\": {}}]"}}, {"model": "admin.logentry", "pk": 89, "fields": {"action_time": "2023-06-06T18:29:33.223Z", "user": 1, "content_type": 14, "object_id": "10", "object_repr": "رازیانه - fennel", "action_flag": 2, "change_message": "[{\"added\": {\"name\": \"product property\", \"object\": \"\\u0645\\u0646\\u0627\\u0633\\u0628 \\u0628\\u0631\\u0627\\u06cc\"}}, {\"changed\": {\"name\": \"product property\", \"object\": \"\\u062a\\u0648\\u0636\\u06cc\\u062d\\u0627\\u062a \\u0645\\u062d\\u0635\\u0648\\u0644\", \"fields\": [\"Value\"]}}, {\"changed\": {\"name\": \"product property\", \"object\": \"\\u0648\\u06cc\\u0698\\u06af\\u06cc \\u0645\\u062d\\u0635\\u0648\\u0644\", \"fields\": [\"Value\"]}}]"}}, {"model": "admin.logentry", "pk": 90, "fields": {"action_time": "2023-06-06T18:41:37.761Z", "user": 1, "content_type": 18, "object_id": "3", "object_repr": "500 - گرم", "action_flag": 1, "change_message": "[{\"added\": {}}]"}}, {"model": "admin.logentry", "pk": 91, "fields": {"action_time": "2023-06-06T18:41:45.189Z", "user": 1, "content_type": 14, "object_id": "10", "object_repr": "رازیانه - fennel", "action_flag": 2, "change_message": "[{\"added\": {\"name\": \"product variant\", \"object\": \"\\u0631\\u0627\\u0632\\u06cc\\u0627\\u0646\\u0647\"}}, {\"added\": {\"name\": \"product variant\", \"object\": \"\\u0631\\u0627\\u0632\\u06cc\\u0627\\u0646\\u0647\"}}, {\"changed\": {\"name\": \"product variant\", \"object\": \"\\u0631\\u0627\\u0632\\u06cc\\u0627\\u0646\\u0647\", \"fields\": [\"Special price\"]}}]"}}, {"model": "admin.logentry", "pk": 92, "fields": {"action_time": "2023-06-06T20:16:38.626Z", "user": 1, "content_type": 14, "object_id": "10", "object_repr": "رازیانه - fennel", "action_flag": 2, "change_message": "[{\"changed\": {\"name\": \"product variant\", \"object\": \"\\u0631\\u0627\\u0632\\u06cc\\u0627\\u0646\\u0647\", \"fields\": [\"Special price start date\", \"Special price end date\"]}}, {\"changed\": {\"name\": \"product variant\", \"object\": \"\\u0631\\u0627\\u0632\\u06cc\\u0627\\u0646\\u0647\", \"fields\": [\"Special price start date\", \"Special price end date\"]}}, {\"changed\": {\"name\": \"product variant\", \"object\": \"\\u0631\\u0627\\u0632\\u06cc\\u0627\\u0646\\u0647\", \"fields\": [\"Special price start date\", \"Special price end date\"]}}]"}}, {"model": "admin.logentry", "pk": 93, "fields": {"action_time": "2023-06-06T21:17:57.881Z", "user": 1, "content_type": 14, "object_id": "10", "object_repr": "رازیانه - fennel", "action_flag": 2, "change_message": "[{\"changed\": {\"name\": \"product variant\", \"object\": \"\\u0631\\u0627\\u0632\\u06cc\\u0627\\u0646\\u0647\", \"fields\": [\"Special price start date\"]}}]"}}, {"model": "admin.logentry", "pk": 94, "fields": {"action_time": "2023-06-06T21:30:33.515Z", "user": 1, "content_type": 14, "object_id": "10", "object_repr": "رازیانه - fennel", "action_flag": 2, "change_message": "[{\"changed\": {\"name\": \"product variant\", \"object\": \"\\u0631\\u0627\\u0632\\u06cc\\u0627\\u0646\\u0647\", \"fields\": [\"Special price end date\"]}}]"}}, {"model": "admin.logentry", "pk": 95, "fields": {"action_time": "2023-06-06T21:42:03.505Z", "user": 1, "content_type": 14, "object_id": "10", "object_repr": "رازیانه - fennel", "action_flag": 2, "change_message": "[{\"changed\": {\"name\": \"product variant\", \"object\": \"\\u0631\\u0627\\u0632\\u06cc\\u0627\\u0646\\u0647\", \"fields\": [\"Special price end date\"]}}]"}}, {"model": "admin.logentry", "pk": 96, "fields": {"action_time": "2023-06-06T21:54:41.060Z", "user": 1, "content_type": 14, "object_id": "10", "object_repr": "رازیانه - fennel", "action_flag": 2, "change_message": "[{\"changed\": {\"name\": \"product variant\", \"object\": \"\\u0631\\u0627\\u0632\\u06cc\\u0627\\u0646\\u0647\", \"fields\": [\"Special price end date\"]}}]"}}, {"model": "admin.logentry", "pk": 97, "fields": {"action_time": "2023-06-07T06:08:46.864Z", "user": 1, "content_type": 14, "object_id": "10", "object_repr": "رازیانه - fennel", "action_flag": 2, "change_message": "[{\"changed\": {\"name\": \"product variant\", \"object\": \"\\u0631\\u0627\\u0632\\u06cc\\u0627\\u0646\\u0647\", \"fields\": [\"Special price end date\"]}}]"}}, {"model": "admin.logentry", "pk": 98, "fields": {"action_time": "2023-06-07T06:10:10.310Z", "user": 1, "content_type": 14, "object_id": "10", "object_repr": "رازیانه - fennel", "action_flag": 2, "change_message": "[{\"changed\": {\"name\": \"product variant\", \"object\": \"\\u0631\\u0627\\u0632\\u06cc\\u0627\\u0646\\u0647\", \"fields\": [\"Special price end date\"]}}]"}}, {"model": "admin.logentry", "pk": 99, "fields": {"action_time": "2023-06-07T17:59:46.122Z", "user": 1, "content_type": 14, "object_id": "10", "object_repr": "رازیانه رازیانهرازیانهرازیانهرازیانه رازیانه رازیانه رازیانه - fennel", "action_flag": 2, "change_message": "[{\"changed\": {\"fields\": [\"Title ir\"]}}]"}}, {"model": "admin.logentry", "pk": 100, "fields": {"action_time": "2023-06-08T20:26:01.209Z", "user": 1, "content_type": 14, "object_id": "12", "object_repr": "نیم دانه خردل - Half mustard seed", "action_flag": 2, "change_message": "[{\"changed\": {\"fields\": [\"Image\"]}}]"}}, {"model": "admin.logentry", "pk": 101, "fields": {"action_time": "2023-06-08T20:26:08.229Z", "user": 1, "content_type": 14, "object_id": "11", "object_repr": "کارداموم - Cardamom", "action_flag": 2, "change_message": "[{\"changed\": {\"fields\": [\"Image\"]}}]"}}, {"model": "admin.logentry", "pk": 102, "fields": {"action_time": "2023-06-08T20:26:20.907Z", "user": 1, "content_type": 14, "object_id": "9", "object_repr": "زردچوبه - Turmeric", "action_flag": 2, "change_message": "[{\"changed\": {\"fields\": [\"Image\"]}}]"}}, {"model": "admin.logentry", "pk": 103, "fields": {"action_time": "2023-06-08T20:26:26.211Z", "user": 1, "content_type": 14, "object_id": "8", "object_repr": "دانه های لین - Linseeds", "action_flag": 2, "change_message": "[{\"changed\": {\"fields\": [\"Image\"]}}]"}}, {"model": "admin.logentry", "pk": 104, "fields": {"action_time": "2023-06-08T20:26:32.216Z", "user": 1, "content_type": 14, "object_id": "7", "object_repr": "کنجد - Sesame", "action_flag": 2, "change_message": "[{\"changed\": {\"fields\": [\"Image\"]}}]"}}, {"model": "admin.logentry", "pk": 105, "fields": {"action_time": "2023-06-08T20:26:38.677Z", "user": 1, "content_type": 14, "object_id": "6", "object_repr": "آویشن - Thyme", "action_flag": 2, "change_message": "[{\"changed\": {\"fields\": [\"Image\"]}}]"}}, {"model": "admin.logentry", "pk": 106, "fields": {"action_time": "2023-06-08T20:26:45.271Z", "user": 1, "content_type": 14, "object_id": "5", "object_repr": "زنجبیل - Ginger", "action_flag": 2, "change_message": "[{\"changed\": {\"fields\": [\"Image\"]}}]"}}, {"model": "admin.logentry", "pk": 107, "fields": {"action_time": "2023-06-08T20:26:52.206Z", "user": 1, "content_type": 14, "object_id": "4", "object_repr": "زعفران - Saffron", "action_flag": 2, "change_message": "[{\"changed\": {\"fields\": [\"Image\"]}}]"}}, {"model": "admin.logentry", "pk": 108, "fields": {"action_time": "2023-06-08T20:26:56.790Z", "user": 1, "content_type": 14, "object_id": "3", "object_repr": "فلفل سیاه - Black pepper", "action_flag": 2, "change_message": "[{\"changed\": {\"fields\": [\"Image\"]}}]"}}, {"model": "admin.logentry", "pk": 109, "fields": {"action_time": "2023-06-08T20:27:02.616Z", "user": 1, "content_type": 14, "object_id": "2", "object_repr": "پوست پرتقال - orange peel", "action_flag": 2, "change_message": "[{\"changed\": {\"fields\": [\"Image\"]}}]"}}, {"model": "admin.logentry", "pk": 110, "fields": {"action_time": "2023-06-08T20:27:07.840Z", "user": 1, "content_type": 14, "object_id": "1", "object_repr": "دارچین - Cinnamon", "action_flag": 2, "change_message": "[{\"changed\": {\"fields\": [\"Image\"]}}]"}}, {"model": "admin.logentry", "pk": 111, "fields": {"action_time": "2023-06-09T07:00:45.739Z", "user": 1, "content_type": 14, "object_id": "11", "object_repr": "کارداموم - Cardamom", "action_flag": 2, "change_message": "[{\"changed\": {\"name\": \"product variant\", \"object\": \"\\u06a9\\u0627\\u0631\\u062f\\u0627\\u0645\\u0648\\u0645\", \"fields\": [\"Special price start date\", \"Special price end date\"]}}]"}}, {"model": "admin.logentry", "pk": 112, "fields": {"action_time": "2023-06-09T10:04:46.439Z", "user": 1, "content_type": 14, "object_id": "10", "object_repr": "رازیانه رازیانه رازیانه رازیانه رازیانه رازیانه رازیانه رازیانه رازیانه رازیانه رازیانه - fennel", "action_flag": 2, "change_message": "[{\"changed\": {\"fields\": [\"Title ir\"]}}]"}}, {"model": "admin.logentry", "pk": 113, "fields": {"action_time": "2023-06-09T10:22:35.543Z", "user": 1, "content_type": 14, "object_id": "9", "object_repr": "زردچوبه - Turmeric", "action_flag": 2, "change_message": "[{\"changed\": {\"name\": \"product variant\", \"object\": \"\\u0632\\u0631\\u062f\\u0686\\u0648\\u0628\\u0647\", \"fields\": [\"Special price end date\"]}}]"}}, {"model": "admin.logentry", "pk": 114, "fields": {"action_time": "2023-06-09T10:22:52.861Z", "user": 1, "content_type": 14, "object_id": "9", "object_repr": "زردچوبه - Turmeric", "action_flag": 2, "change_message": "[{\"changed\": {\"name\": \"product variant\", \"object\": \"\\u0632\\u0631\\u062f\\u0686\\u0648\\u0628\\u0647\", \"fields\": [\"Special price\"]}}]"}}, {"model": "admin.logentry", "pk": 115, "fields": {"action_time": "2023-06-09T10:24:05.746Z", "user": 1, "content_type": 14, "object_id": "9", "object_repr": "زردچوبه - Turmeric", "action_flag": 2, "change_message": "[{\"changed\": {\"name\": \"product variant\", \"object\": \"\\u0632\\u0631\\u062f\\u0686\\u0648\\u0628\\u0647\", \"fields\": [\"Special price start date\"]}}]"}}, {"model": "admin.logentry", "pk": 116, "fields": {"action_time": "2023-06-09T10:28:29.043Z", "user": 1, "content_type": 14, "object_id": "10", "object_repr": "رازیانه رازیانه رازیانه رازیانه رازیانه رازیانه رازیانه رازیانه رازیانه رازیانه رازیانه - fennel", "action_flag": 2, "change_message": "[{\"changed\": {\"name\": \"product variant\", \"object\": \"\\u0631\\u0627\\u0632\\u06cc\\u0627\\u0646\\u0647 \\u0631\\u0627\\u0632\\u06cc\\u0627\\u0646\\u0647 \\u0631\\u0627\\u0632\\u06cc\\u0627\\u0646\\u0647 \\u0631\\u0627\\u0632\\u06cc\\u0627\\u0646\\u0647 \\u0631\\u0627\\u0632\\u06cc\\u0627\\u0646\\u0647 \\u0631\\u0627\\u0632\\u06cc\\u0627\\u0646\\u0647 \\u0631\\u0627\\u0632\\u06cc\\u0627\\u0646\\u0647 \\u0631\\u0627\\u0632\\u06cc\\u0627\\u0646\\u0647 \\u0631\\u0627\\u0632\\u06cc\\u0627\\u0646\\u0647 \\u0631\\u0627\\u0632\\u06cc\\u0627\\u0646\\u0647 \\u0631\\u0627\\u0632\\u06cc\\u0627\\u0646\\u0647\", \"fields\": [\"Special price start date\", \"Special price end date\"]}}, {\"changed\": {\"name\": \"product variant\", \"object\": \"\\u0631\\u0627\\u0632\\u06cc\\u0627\\u0646\\u0647 \\u0631\\u0627\\u0632\\u06cc\\u0627\\u0646\\u0647 \\u0631\\u0627\\u0632\\u06cc\\u0627\\u0646\\u0647 \\u0631\\u0627\\u0632\\u06cc\\u0627\\u0646\\u0647 \\u0631\\u0627\\u0632\\u06cc\\u0627\\u0646\\u0647 \\u0631\\u0627\\u0632\\u06cc\\u0627\\u0646\\u0647 \\u0631\\u0627\\u0632\\u06cc\\u0627\\u0646\\u0647 \\u0631\\u0627\\u0632\\u06cc\\u0627\\u0646\\u0647 \\u0631\\u0627\\u0632\\u06cc\\u0627\\u0646\\u0647 \\u0631\\u0627\\u0632\\u06cc\\u0627\\u0646\\u0647 \\u0631\\u0627\\u0632\\u06cc\\u0627\\u0646\\u0647\", \"fields\": [\"Special price start date\", \"Special price end date\"]}}]"}}, {"model": "admin.logentry", "pk": 117, "fields": {"action_time": "2023-06-09T10:28:36.906Z", "user": 1, "content_type": 14, "object_id": "9", "object_repr": "زردچوبه - Turmeric", "action_flag": 2, "change_message": "[{\"changed\": {\"name\": \"product variant\", \"object\": \"\\u0632\\u0631\\u062f\\u0686\\u0648\\u0628\\u0647\", \"fields\": [\"Special price start date\", \"Special price end date\"]}}]"}}, {"model": "admin.logentry", "pk": 118, "fields": {"action_time": "2023-06-09T10:30:43.023Z", "user": 1, "content_type": 14, "object_id": "10", "object_repr": "رازیانه رازیانه رازیانه رازیانه رازیانه رازیانه رازیانه رازیانه رازیانه رازیانه رازیانه - fennel", "action_flag": 2, "change_message": "[{\"changed\": {\"name\": \"product variant\", \"object\": \"\\u0631\\u0627\\u0632\\u06cc\\u0627\\u0646\\u0647 \\u0631\\u0627\\u0632\\u06cc\\u0627\\u0646\\u0647 \\u0631\\u0627\\u0632\\u06cc\\u0627\\u0646\\u0647 \\u0631\\u0627\\u0632\\u06cc\\u0627\\u0646\\u0647 \\u0631\\u0627\\u0632\\u06cc\\u0627\\u0646\\u0647 \\u0631\\u0627\\u0632\\u06cc\\u0627\\u0646\\u0647 \\u0631\\u0627\\u0632\\u06cc\\u0627\\u0646\\u0647 \\u0631\\u0627\\u0632\\u06cc\\u0627\\u0646\\u0647 \\u0631\\u0627\\u0632\\u06cc\\u0627\\u0646\\u0647 \\u0631\\u0627\\u0632\\u06cc\\u0627\\u0646\\u0647 \\u0631\\u0627\\u0632\\u06cc\\u0627\\u0646\\u0647\", \"fields\": [\"Special price start date\", \"Special price end date\"]}}]"}}, {"model": "admin.logentry", "pk": 119, "fields": {"action_time": "2023-06-09T10:41:42.924Z", "user": 1, "content_type": 18, "object_id": "4", "object_repr": "2 - کیلو گرم", "action_flag": 1, "change_message": "[{\"added\": {}}]"}}, {"model": "admin.logentry", "pk": 120, "fields": {"action_time": "2023-06-09T10:41:58.399Z", "user": 1, "content_type": 14, "object_id": "10", "object_repr": "رازیانه رازیانه رازیانه رازیانه رازیانه رازیانه رازیانه رازیانه رازیانه رازیانه رازیانه - fennel", "action_flag": 2, "change_message": "[{\"added\": {\"name\": \"product variant\", \"object\": \"\\u0631\\u0627\\u0632\\u06cc\\u0627\\u0646\\u0647 \\u0631\\u0627\\u0632\\u06cc\\u0627\\u0646\\u0647 \\u0631\\u0627\\u0632\\u06cc\\u0627\\u0646\\u0647 \\u0631\\u0627\\u0632\\u06cc\\u0627\\u0646\\u0647 \\u0631\\u0627\\u0632\\u06cc\\u0627\\u0646\\u0647 \\u0631\\u0627\\u0632\\u06cc\\u0627\\u0646\\u0647 \\u0631\\u0627\\u0632\\u06cc\\u0627\\u0646\\u0647 \\u0631\\u0627\\u0632\\u06cc\\u0627\\u0646\\u0647 \\u0631\\u0627\\u0632\\u06cc\\u0627\\u0646\\u0647 \\u0631\\u0627\\u0632\\u06cc\\u0627\\u0646\\u0647 \\u0631\\u0627\\u0632\\u06cc\\u0627\\u0646\\u0647\"}}]"}}, {"model": "admin.logentry", "pk": 121, "fields": {"action_time": "2023-06-09T10:43:36.980Z", "user": 1, "content_type": 14, "object_id": "10", "object_repr": "رازیانه رازیانه رازیانه رازیانه رازیانه رازیانه رازیانه رازیانه رازیانه رازیانه رازیانه - fennel", "action_flag": 2, "change_message": "[{\"changed\": {\"name\": \"product variant\", \"object\": \"\\u0631\\u0627\\u0632\\u06cc\\u0627\\u0646\\u0647 \\u0631\\u0627\\u0632\\u06cc\\u0627\\u0646\\u0647 \\u0631\\u0627\\u0632\\u06cc\\u0627\\u0646\\u0647 \\u0631\\u0627\\u0632\\u06cc\\u0627\\u0646\\u0647 \\u0631\\u0627\\u0632\\u06cc\\u0627\\u0646\\u0647 \\u0631\\u0627\\u0632\\u06cc\\u0627\\u0646\\u0647 \\u0631\\u0627\\u0632\\u06cc\\u0627\\u0646\\u0647 \\u0631\\u0627\\u0632\\u06cc\\u0627\\u0646\\u0647 \\u0631\\u0627\\u0632\\u06cc\\u0627\\u0646\\u0647 \\u0631\\u0627\\u0632\\u06cc\\u0627\\u0646\\u0647 \\u0631\\u0627\\u0632\\u06cc\\u0627\\u0646\\u0647\", \"fields\": [\"Order\"]}}, {\"changed\": {\"name\": \"product variant\", \"object\": \"\\u0631\\u0627\\u0632\\u06cc\\u0627\\u0646\\u0647 \\u0631\\u0627\\u0632\\u06cc\\u0627\\u0646\\u0647 \\u0631\\u0627\\u0632\\u06cc\\u0627\\u0646\\u0647 \\u0631\\u0627\\u0632\\u06cc\\u0627\\u0646\\u0647 \\u0631\\u0627\\u0632\\u06cc\\u0627\\u0646\\u0647 \\u0631\\u0627\\u0632\\u06cc\\u0627\\u0646\\u0647 \\u0631\\u0627\\u0632\\u06cc\\u0627\\u0646\\u0647 \\u0631\\u0627\\u0632\\u06cc\\u0627\\u0646\\u0647 \\u0631\\u0627\\u0632\\u06cc\\u0627\\u0646\\u0647 \\u0631\\u0627\\u0632\\u06cc\\u0627\\u0646\\u0647 \\u0631\\u0627\\u0632\\u06cc\\u0627\\u0646\\u0647\", \"fields\": [\"Order\"]}}, {\"changed\": {\"name\": \"product variant\", \"object\": \"\\u0631\\u0627\\u0632\\u06cc\\u0627\\u0646\\u0647 \\u0631\\u0627\\u0632\\u06cc\\u0627\\u0646\\u0647 \\u0631\\u0627\\u0632\\u06cc\\u0627\\u0646\\u0647 \\u0631\\u0627\\u0632\\u06cc\\u0627\\u0646\\u0647 \\u0631\\u0627\\u0632\\u06cc\\u0627\\u0646\\u0647 \\u0631\\u0627\\u0632\\u06cc\\u0627\\u0646\\u0647 \\u0631\\u0627\\u0632\\u06cc\\u0627\\u0646\\u0647 \\u0631\\u0627\\u0632\\u06cc\\u0627\\u0646\\u0647 \\u0631\\u0627\\u0632\\u06cc\\u0627\\u0646\\u0647 \\u0631\\u0627\\u0632\\u06cc\\u0627\\u0646\\u0647 \\u0631\\u0627\\u0632\\u06cc\\u0627\\u0646\\u0647\", \"fields\": [\"Order\"]}}]"}}, {"model": "admin.logentry", "pk": 122, "fields": {"action_time": "2023-06-09T10:46:32.048Z", "user": 1, "content_type": 14, "object_id": "10", "object_repr": "رازیانه رازیانه رازیانه رازیانه رازیانه رازیانه رازیانه رازیانه رازیانه رازیانه رازیانه - fennel", "action_flag": 2, "change_message": "[{\"changed\": {\"name\": \"product variant\", \"object\": \"\\u0631\\u0627\\u0632\\u06cc\\u0627\\u0646\\u0647 \\u0631\\u0627\\u0632\\u06cc\\u0627\\u0646\\u0647 \\u0631\\u0627\\u0632\\u06cc\\u0627\\u0646\\u0647 \\u0631\\u0627\\u0632\\u06cc\\u0627\\u0646\\u0647 \\u0631\\u0627\\u0632\\u06cc\\u0627\\u0646\\u0647 \\u0631\\u0627\\u0632\\u06cc\\u0627\\u0646\\u0647 \\u0631\\u0627\\u0632\\u06cc\\u0627\\u0646\\u0647 \\u0631\\u0627\\u0632\\u06cc\\u0627\\u0646\\u0647 \\u0631\\u0627\\u0632\\u06cc\\u0627\\u0646\\u0647 \\u0631\\u0627\\u0632\\u06cc\\u0627\\u0646\\u0647 \\u0631\\u0627\\u0632\\u06cc\\u0627\\u0646\\u0647\", \"fields\": [\"Special price\", \"Special price start date\", \"Special price end date\"]}}]"}}, {"model": "admin.logentry", "pk": 123, "fields": {"action_time": "2023-06-09T10:52:52.837Z", "user": 1, "content_type": 14, "object_id": "10", "object_repr": "رازیانه رازیانه رازیانه رازیانه رازیانه رازیانه رازیانه رازیانه رازیانه رازیانه رازیانه - fennel", "action_flag": 2, "change_message": "[{\"changed\": {\"name\": \"product variant\", \"object\": \"\\u0631\\u0627\\u0632\\u06cc\\u0627\\u0646\\u0647 \\u0631\\u0627\\u0632\\u06cc\\u0627\\u0646\\u0647 \\u0631\\u0627\\u0632\\u06cc\\u0627\\u0646\\u0647 \\u0631\\u0627\\u0632\\u06cc\\u0627\\u0646\\u0647 \\u0631\\u0627\\u0632\\u06cc\\u0627\\u0646\\u0647 \\u0631\\u0627\\u0632\\u06cc\\u0627\\u0646\\u0647 \\u0631\\u0627\\u0632\\u06cc\\u0627\\u0646\\u0647 \\u0631\\u0627\\u0632\\u06cc\\u0627\\u0646\\u0647 \\u0631\\u0627\\u0632\\u06cc\\u0627\\u0646\\u0647 \\u0631\\u0627\\u0632\\u06cc\\u0627\\u0646\\u0647 \\u0631\\u0627\\u0632\\u06cc\\u0627\\u0646\\u0647\", \"fields\": [\"Special price start date\"]}}]"}}, {"model": "admin.logentry", "pk": 124, "fields": {"action_time": "2023-06-09T10:55:17.739Z", "user": 1, "content_type": 14, "object_id": "10", "object_repr": "رازیانه رازیانه رازیانه رازیانه رازیانه رازیانه رازیانه رازیانه رازیانه رازیانه رازیانه - fennel", "action_flag": 2, "change_message": "[{\"changed\": {\"name\": \"product variant\", \"object\": \"\\u0631\\u0627\\u0632\\u06cc\\u0627\\u0646\\u0647 \\u0631\\u0627\\u0632\\u06cc\\u0627\\u0646\\u0647 \\u0631\\u0627\\u0632\\u06cc\\u0627\\u0646\\u0647 \\u0631\\u0627\\u0632\\u06cc\\u0627\\u0646\\u0647 \\u0631\\u0627\\u0632\\u06cc\\u0627\\u0646\\u0647 \\u0631\\u0627\\u0632\\u06cc\\u0627\\u0646\\u0647 \\u0631\\u0627\\u0632\\u06cc\\u0627\\u0646\\u0647 \\u0631\\u0627\\u0632\\u06cc\\u0627\\u0646\\u0647 \\u0631\\u0627\\u0632\\u06cc\\u0627\\u0646\\u0647 \\u0631\\u0627\\u0632\\u06cc\\u0627\\u0646\\u0647 \\u0631\\u0627\\u0632\\u06cc\\u0627\\u0646\\u0647\", \"fields\": [\"Special price start date\"]}}]"}}, {"model": "admin.logentry", "pk": 125, "fields": {"action_time": "2023-06-09T10:55:38.823Z", "user": 1, "content_type": 14, "object_id": "10", "object_repr": "رازیانه رازیانه رازیانه رازیانه رازیانه رازیانه رازیانه رازیانه رازیانه رازیانه رازیانه - fennel", "action_flag": 2, "change_message": "[{\"changed\": {\"name\": \"product variant\", \"object\": \"\\u0631\\u0627\\u0632\\u06cc\\u0627\\u0646\\u0647 \\u0631\\u0627\\u0632\\u06cc\\u0627\\u0646\\u0647 \\u0631\\u0627\\u0632\\u06cc\\u0627\\u0646\\u0647 \\u0631\\u0627\\u0632\\u06cc\\u0627\\u0646\\u0647 \\u0631\\u0627\\u0632\\u06cc\\u0627\\u0646\\u0647 \\u0631\\u0627\\u0632\\u06cc\\u0627\\u0646\\u0647 \\u0631\\u0627\\u0632\\u06cc\\u0627\\u0646\\u0647 \\u0631\\u0627\\u0632\\u06cc\\u0627\\u0646\\u0647 \\u0631\\u0627\\u0632\\u06cc\\u0627\\u0646\\u0647 \\u0631\\u0627\\u0632\\u06cc\\u0627\\u0646\\u0647 \\u0631\\u0627\\u0632\\u06cc\\u0627\\u0646\\u0647\", \"fields\": [\"Special price start date\"]}}]"}}, {"model": "admin.logentry", "pk": 126, "fields": {"action_time": "2023-06-09T10:56:05.339Z", "user": 1, "content_type": 14, "object_id": "10", "object_repr": "رازیانه رازیانه رازیانه رازیانه رازیانه رازیانه رازیانه رازیانه رازیانه رازیانه رازیانه - fennel", "action_flag": 2, "change_message": "[{\"changed\": {\"name\": \"product variant\", \"object\": \"\\u0631\\u0627\\u0632\\u06cc\\u0627\\u0646\\u0647 \\u0631\\u0627\\u0632\\u06cc\\u0627\\u0646\\u0647 \\u0631\\u0627\\u0632\\u06cc\\u0627\\u0646\\u0647 \\u0631\\u0627\\u0632\\u06cc\\u0627\\u0646\\u0647 \\u0631\\u0627\\u0632\\u06cc\\u0627\\u0646\\u0647 \\u0631\\u0627\\u0632\\u06cc\\u0627\\u0646\\u0647 \\u0631\\u0627\\u0632\\u06cc\\u0627\\u0646\\u0647 \\u0631\\u0627\\u0632\\u06cc\\u0627\\u0646\\u0647 \\u0631\\u0627\\u0632\\u06cc\\u0627\\u0646\\u0647 \\u0631\\u0627\\u0632\\u06cc\\u0627\\u0646\\u0647 \\u0631\\u0627\\u0632\\u06cc\\u0627\\u0646\\u0647\", \"fields\": [\"Special price start date\"]}}]"}}, {"model": "admin.logentry", "pk": 127, "fields": {"action_time": "2023-06-09T11:01:24.574Z", "user": 1, "content_type": 14, "object_id": "10", "object_repr": "رازیانه رازیانه رازیانه رازیانه رازیانه رازیانه رازیانه رازیانه رازیانه رازیانه رازیانه - fennel", "action_flag": 2, "change_message": "[{\"changed\": {\"name\": \"product variant\", \"object\": \"\\u0631\\u0627\\u0632\\u06cc\\u0627\\u0646\\u0647 \\u0631\\u0627\\u0632\\u06cc\\u0627\\u0646\\u0647 \\u0631\\u0627\\u0632\\u06cc\\u0627\\u0646\\u0647 \\u0631\\u0627\\u0632\\u06cc\\u0627\\u0646\\u0647 \\u0631\\u0627\\u0632\\u06cc\\u0627\\u0646\\u0647 \\u0631\\u0627\\u0632\\u06cc\\u0627\\u0646\\u0647 \\u0631\\u0627\\u0632\\u06cc\\u0627\\u0646\\u0647 \\u0631\\u0627\\u0632\\u06cc\\u0627\\u0646\\u0647 \\u0631\\u0627\\u0632\\u06cc\\u0627\\u0646\\u0647 \\u0631\\u0627\\u0632\\u06cc\\u0627\\u0646\\u0647 \\u0631\\u0627\\u0632\\u06cc\\u0627\\u0646\\u0647\", \"fields\": [\"Price\", \"Special price\"]}}, {\"changed\": {\"name\": \"product variant\", \"object\": \"\\u0631\\u0627\\u0632\\u06cc\\u0627\\u0646\\u0647 \\u0631\\u0627\\u0632\\u06cc\\u0627\\u0646\\u0647 \\u0631\\u0627\\u0632\\u06cc\\u0627\\u0646\\u0647 \\u0631\\u0627\\u0632\\u06cc\\u0627\\u0646\\u0647 \\u0631\\u0627\\u0632\\u06cc\\u0627\\u0646\\u0647 \\u0631\\u0627\\u0632\\u06cc\\u0627\\u0646\\u0647 \\u0631\\u0627\\u0632\\u06cc\\u0627\\u0646\\u0647 \\u0631\\u0627\\u0632\\u06cc\\u0627\\u0646\\u0647 \\u0631\\u0627\\u0632\\u06cc\\u0627\\u0646\\u0647 \\u0631\\u0627\\u0632\\u06cc\\u0627\\u0646\\u0647 \\u0631\\u0627\\u0632\\u06cc\\u0627\\u0646\\u0647\", \"fields\": [\"Price\", \"Special price\"]}}, {\"changed\": {\"name\": \"product variant\", \"object\": \"\\u0631\\u0627\\u0632\\u06cc\\u0627\\u0646\\u0647 \\u0631\\u0627\\u0632\\u06cc\\u0627\\u0646\\u0647 \\u0631\\u0627\\u0632\\u06cc\\u0627\\u0646\\u0647 \\u0631\\u0627\\u0632\\u06cc\\u0627\\u0646\\u0647 \\u0631\\u0627\\u0632\\u06cc\\u0627\\u0646\\u0647 \\u0631\\u0627\\u0632\\u06cc\\u0627\\u0646\\u0647 \\u0631\\u0627\\u0632\\u06cc\\u0627\\u0646\\u0647 \\u0631\\u0627\\u0632\\u06cc\\u0627\\u0646\\u0647 \\u0631\\u0627\\u0632\\u06cc\\u0627\\u0646\\u0647 \\u0631\\u0627\\u0632\\u06cc\\u0627\\u0646\\u0647 \\u0631\\u0627\\u0632\\u06cc\\u0627\\u0646\\u0647\", \"fields\": [\"Price\", \"Special price\"]}}, {\"changed\": {\"name\": \"product variant\", \"object\": \"\\u0631\\u0627\\u0632\\u06cc\\u0627\\u0646\\u0647 \\u0631\\u0627\\u0632\\u06cc\\u0627\\u0646\\u0647 \\u0631\\u0627\\u0632\\u06cc\\u0627\\u0646\\u0647 \\u0631\\u0627\\u0632\\u06cc\\u0627\\u0646\\u0647 \\u0631\\u0627\\u0632\\u06cc\\u0627\\u0646\\u0647 \\u0631\\u0627\\u0632\\u06cc\\u0627\\u0646\\u0647 \\u0631\\u0627\\u0632\\u06cc\\u0627\\u0646\\u0647 \\u0631\\u0627\\u0632\\u06cc\\u0627\\u0646\\u0647 \\u0631\\u0627\\u0632\\u06cc\\u0627\\u0646\\u0647 \\u0631\\u0627\\u0632\\u06cc\\u0627\\u0646\\u0647 \\u0631\\u0627\\u0632\\u06cc\\u0627\\u0646\\u0647\", \"fields\": [\"Price\", \"Special price\"]}}]"}}, {"model": "admin.logentry", "pk": 128, "fields": {"action_time": "2023-06-09T11:02:01.296Z", "user": 1, "content_type": 14, "object_id": "10", "object_repr": "رازیانه رازیانه رازیانه رازیانه رازیانه رازیانه رازیانه رازیانه رازیانه رازیانه رازیانه - fennel", "action_flag": 2, "change_message": "[{\"changed\": {\"name\": \"product variant\", \"object\": \"\\u0631\\u0627\\u0632\\u06cc\\u0627\\u0646\\u0647 \\u0631\\u0627\\u0632\\u06cc\\u0627\\u0646\\u0647 \\u0631\\u0627\\u0632\\u06cc\\u0627\\u0646\\u0647 \\u0631\\u0627\\u0632\\u06cc\\u0627\\u0646\\u0647 \\u0631\\u0627\\u0632\\u06cc\\u0627\\u0646\\u0647 \\u0631\\u0627\\u0632\\u06cc\\u0627\\u0646\\u0647 \\u0631\\u0627\\u0632\\u06cc\\u0627\\u0646\\u0647 \\u0631\\u0627\\u0632\\u06cc\\u0627\\u0646\\u0647 \\u0631\\u0627\\u0632\\u06cc\\u0627\\u0646\\u0647 \\u0631\\u0627\\u0632\\u06cc\\u0627\\u0646\\u0647 \\u0631\\u0627\\u0632\\u06cc\\u0627\\u0646\\u0647\", \"fields\": [\"Special price start date\"]}}]"}}, {"model": "admin.logentry", "pk": 129, "fields": {"action_time": "2023-06-09T11:02:26.725Z", "user": 1, "content_type": 14, "object_id": "10", "object_repr": "رازیانه رازیانه رازیانه رازیانه رازیانه رازیانه رازیانه رازیانه رازیانه رازیانه رازیانه - fennel", "action_flag": 2, "change_message": "[{\"changed\": {\"name\": \"product variant\", \"object\": \"\\u0631\\u0627\\u0632\\u06cc\\u0627\\u0646\\u0647 \\u0631\\u0627\\u0632\\u06cc\\u0627\\u0646\\u0647 \\u0631\\u0627\\u0632\\u06cc\\u0627\\u0646\\u0647 \\u0631\\u0627\\u0632\\u06cc\\u0627\\u0646\\u0647 \\u0631\\u0627\\u0632\\u06cc\\u0627\\u0646\\u0647 \\u0631\\u0627\\u0632\\u06cc\\u0627\\u0646\\u0647 \\u0631\\u0627\\u0632\\u06cc\\u0627\\u0646\\u0647 \\u0631\\u0627\\u0632\\u06cc\\u0627\\u0646\\u0647 \\u0631\\u0627\\u0632\\u06cc\\u0627\\u0646\\u0647 \\u0631\\u0627\\u0632\\u06cc\\u0627\\u0646\\u0647 \\u0631\\u0627\\u0632\\u06cc\\u0627\\u0646\\u0647\", \"fields\": [\"Special price end date\"]}}]"}}, {"model": "admin.logentry", "pk": 130, "fields": {"action_time": "2023-06-09T11:04:32.059Z", "user": 1, "content_type": 14, "object_id": "9", "object_repr": "زردچوبه - Turmeric", "action_flag": 2, "change_message": "[{\"changed\": {\"name\": \"product variant\", \"object\": \"\\u0632\\u0631\\u062f\\u0686\\u0648\\u0628\\u0647\", \"fields\": [\"Special price start date\", \"Special price end date\"]}}]"}}, {"model": "admin.logentry", "pk": 131, "fields": {"action_time": "2023-06-09T11:09:17.573Z", "user": 1, "content_type": 14, "object_id": "9", "object_repr": "زردچوبه - Turmeric", "action_flag": 2, "change_message": "[{\"changed\": {\"name\": \"product variant\", \"object\": \"\\u0632\\u0631\\u062f\\u0686\\u0648\\u0628\\u0647\", \"fields\": [\"Special price end date\"]}}]"}}, {"model": "admin.logentry", "pk": 132, "fields": {"action_time": "2023-06-09T11:10:38.535Z", "user": 1, "content_type": 14, "object_id": "9", "object_repr": "زردچوبه - Turmeric", "action_flag": 2, "change_message": "[{\"changed\": {\"name\": \"product variant\", \"object\": \"\\u0632\\u0631\\u062f\\u0686\\u0648\\u0628\\u0647\", \"fields\": [\"Special price end date\"]}}]"}}, {"model": "admin.logentry", "pk": 133, "fields": {"action_time": "2023-06-09T11:14:07.948Z", "user": 1, "content_type": 14, "object_id": "9", "object_repr": "زردچوبه - Turmeric", "action_flag": 2, "change_message": "[{\"changed\": {\"name\": \"product variant\", \"object\": \"\\u0632\\u0631\\u062f\\u0686\\u0648\\u0628\\u0647\", \"fields\": [\"Special price end date\"]}}]"}}, {"model": "admin.logentry", "pk": 134, "fields": {"action_time": "2023-06-09T11:23:45.828Z", "user": 1, "content_type": 14, "object_id": "9", "object_repr": "زردچوبه - Turmeric", "action_flag": 2, "change_message": "[{\"changed\": {\"name\": \"product variant\", \"object\": \"\\u0632\\u0631\\u062f\\u0686\\u0648\\u0628\\u0647\", \"fields\": [\"Special price end date\"]}}]"}}, {"model": "admin.logentry", "pk": 135, "fields": {"action_time": "2023-06-09T11:46:36.325Z", "user": 1, "content_type": 14, "object_id": "9", "object_repr": "زردچوبه - Turmeric", "action_flag": 2, "change_message": "[{\"changed\": {\"name\": \"product variant\", \"object\": \"\\u0632\\u0631\\u062f\\u0686\\u0648\\u0628\\u0647\", \"fields\": [\"Special price end date\"]}}]"}}, {"model": "admin.logentry", "pk": 136, "fields": {"action_time": "2023-06-09T11:46:49.735Z", "user": 1, "content_type": 14, "object_id": "9", "object_repr": "زردچوبه - Turmeric", "action_flag": 2, "change_message": "[{\"changed\": {\"name\": \"product variant\", \"object\": \"\\u0632\\u0631\\u062f\\u0686\\u0648\\u0628\\u0647\", \"fields\": [\"Special price end date\"]}}]"}}, {"model": "admin.logentry", "pk": 137, "fields": {"action_time": "2023-06-09T11:48:47.557Z", "user": 1, "content_type": 14, "object_id": "9", "object_repr": "زردچوبه - Turmeric", "action_flag": 2, "change_message": "[{\"changed\": {\"name\": \"product variant\", \"object\": \"\\u0632\\u0631\\u062f\\u0686\\u0648\\u0628\\u0647\", \"fields\": [\"Special price end date\"]}}]"}}, {"model": "admin.logentry", "pk": 138, "fields": {"action_time": "2023-06-09T11:50:16.563Z", "user": 1, "content_type": 14, "object_id": "9", "object_repr": "زردچوبه - Turmeric", "action_flag": 2, "change_message": "[{\"changed\": {\"name\": \"product variant\", \"object\": \"\\u0632\\u0631\\u062f\\u0686\\u0648\\u0628\\u0647\", \"fields\": [\"Special price end date\"]}}]"}}, {"model": "admin.logentry", "pk": 139, "fields": {"action_time": "2023-06-09T11:55:16.518Z", "user": 1, "content_type": 14, "object_id": "9", "object_repr": "زردچوبه - Turmeric", "action_flag": 2, "change_message": "[{\"changed\": {\"name\": \"product variant\", \"object\": \"\\u0632\\u0631\\u062f\\u0686\\u0648\\u0628\\u0647\", \"fields\": [\"Special price end date\"]}}]"}}, {"model": "admin.logentry", "pk": 140, "fields": {"action_time": "2023-06-12T13:33:20.062Z", "user": 1, "content_type": 28, "object_id": "7", "object_repr": "09981879975 Count : ( 0 ) : ( پرداخت نشده ) : ( None ) ", "action_flag": 3, "change_message": ""}}, {"model": "admin.logentry", "pk": 141, "fields": {"action_time": "2023-06-12T13:33:20.071Z", "user": 1, "content_type": 28, "object_id": "6", "object_repr": "09981879975 Count : ( 0 ) : ( پرداخت نشده ) : ( None ) ", "action_flag": 3, "change_message": ""}}, {"model": "admin.logentry", "pk": 142, "fields": {"action_time": "2023-06-12T13:33:20.079Z", "user": 1, "content_type": 28, "object_id": "5", "object_repr": "09981879975 Count : ( 0 ) : ( پرداخت نشده ) : ( None ) ", "action_flag": 3, "change_message": ""}}, {"model": "admin.logentry", "pk": 143, "fields": {"action_time": "2023-06-12T13:33:20.088Z", "user": 1, "content_type": 28, "object_id": "4", "object_repr": "09981879975 Count : ( 0 ) : ( پرداخت نشده ) : ( None ) ", "action_flag": 3, "change_message": ""}}, {"model": "admin.logentry", "pk": 144, "fields": {"action_time": "2023-06-12T13:33:20.100Z", "user": 1, "content_type": 28, "object_id": "3", "object_repr": "09981879975 Count : ( 0 ) : ( پرداخت نشده ) : ( None ) ", "action_flag": 3, "change_message": ""}}, {"model": "admin.logentry", "pk": 145, "fields": {"action_time": "2023-06-12T13:33:20.118Z", "user": 1, "content_type": 28, "object_id": "2", "object_repr": "09981879975 Count : ( 0 ) : ( پرداخت نشده ) : ( None ) ", "action_flag": 3, "change_message": ""}}, {"model": "admin.logentry", "pk": 146, "fields": {"action_time": "2023-06-12T13:33:20.134Z", "user": 1, "content_type": 28, "object_id": "1", "object_repr": "09981879975 Count : ( 0 ) : ( پرداخت نشده ) : ( None ) ", "action_flag": 3, "change_message": ""}}, {"model": "admin.logentry", "pk": 147, "fields": {"action_time": "2023-06-15T06:41:45.832Z", "user": 1, "content_type": 9, "object_id": "1", "object_repr": "09981879975", "action_flag": 2, "change_message": "[{\"changed\": {\"fields\": [\"Profile\"]}}]"}}, {"model": "admin.logentry", "pk": 148, "fields": {"action_time": "2023-06-15T06:42:11.082Z", "user": 1, "content_type": 8, "object_id": "4", "object_repr": "main - SLIDER", "action_flag": 2, "change_message": "[{\"changed\": {\"fields\": [\"Image\"]}}]"}}, {"model": "admin.logentry", "pk": 149, "fields": {"action_time": "2023-06-15T06:42:28.899Z", "user": 1, "content_type": 8, "object_id": "3", "object_repr": "tet - BANNER", "action_flag": 2, "change_message": "[{\"changed\": {\"fields\": [\"Image\"]}}]"}}, {"model": "admin.logentry", "pk": 150, "fields": {"action_time": "2023-06-15T06:42:49.113Z", "user": 1, "content_type": 8, "object_id": "1", "object_repr": "test - SLIDER", "action_flag": 2, "change_message": "[{\"changed\": {\"fields\": [\"Image\"]}}]"}}, {"model": "admin.logentry", "pk": 151, "fields": {"action_time": "2023-06-15T06:43:01.015Z", "user": 1, "content_type": 8, "object_id": "6", "object_repr": "banner 2 - BANNER", "action_flag": 3, "change_message": ""}}, {"model": "admin.logentry", "pk": 152, "fields": {"action_time": "2023-06-15T06:43:08.809Z", "user": 1, "content_type": 8, "object_id": "5", "object_repr": "Anoter - SLIDER", "action_flag": 2, "change_message": "[{\"changed\": {\"fields\": [\"Image\"]}}]"}}, {"model": "admin.logentry", "pk": 153, "fields": {"action_time": "2023-06-15T06:46:12.112Z", "user": 1, "content_type": 16, "object_id": "12", "object_repr": "نیم دانه خردل - Half mustard seed", "action_flag": 2, "change_message": "[{\"changed\": {\"fields\": [\"Image\"]}}]"}}, {"model": "admin.logentry", "pk": 154, "fields": {"action_time": "2023-06-15T06:46:46.656Z", "user": 1, "content_type": 16, "object_id": "11", "object_repr": "کارداموم - Cardamom", "action_flag": 2, "change_message": "[{\"changed\": {\"fields\": [\"Image\"]}}]"}}, {"model": "admin.logentry", "pk": 155, "fields": {"action_time": "2023-06-15T06:47:40.485Z", "user": 1, "content_type": 16, "object_id": "10", "object_repr": "رازیانه رازیانه رازیانه رازیانه رازیانه رازیانه رازیانه رازیانه رازیانه رازیانه رازیانه - fennel", "action_flag": 2, "change_message": "[{\"changed\": {\"fields\": [\"Image\"]}}]"}}, {"model": "admin.logentry", "pk": 156, "fields": {"action_time": "2023-06-15T06:48:12.537Z", "user": 1, "content_type": 16, "object_id": "9", "object_repr": "زردچوبه - Turmeric", "action_flag": 2, "change_message": "[{\"changed\": {\"fields\": [\"Image\"]}}]"}}, {"model": "admin.logentry", "pk": 157, "fields": {"action_time": "2023-06-15T06:50:10.223Z", "user": 1, "content_type": 16, "object_id": "8", "object_repr": "دانه های لین - Linseeds", "action_flag": 2, "change_message": "[{\"changed\": {\"fields\": [\"Image\"]}}]"}}, {"model": "admin.logentry", "pk": 158, "fields": {"action_time": "2023-06-15T06:50:47.898Z", "user": 1, "content_type": 16, "object_id": "7", "object_repr": "کنجد - Sesame", "action_flag": 2, "change_message": "[{\"changed\": {\"fields\": [\"Image\"]}}]"}}, {"model": "admin.logentry", "pk": 159, "fields": {"action_time": "2023-06-15T06:51:33.647Z", "user": 1, "content_type": 16, "object_id": "6", "object_repr": "آویشن - Thyme", "action_flag": 2, "change_message": "[{\"changed\": {\"fields\": [\"Image\"]}}]"}}, {"model": "admin.logentry", "pk": 160, "fields": {"action_time": "2023-06-15T06:52:05.431Z", "user": 1, "content_type": 16, "object_id": "5", "object_repr": "زنجبیل - Ginger", "action_flag": 2, "change_message": "[{\"changed\": {\"fields\": [\"Image\"]}}]"}}, {"model": "admin.logentry", "pk": 161, "fields": {"action_time": "2023-06-15T06:52:48.597Z", "user": 1, "content_type": 16, "object_id": "4", "object_repr": "زعفران - Saffron", "action_flag": 2, "change_message": "[{\"changed\": {\"fields\": [\"Image\"]}}]"}}, {"model": "admin.logentry", "pk": 162, "fields": {"action_time": "2023-06-15T06:53:30.835Z", "user": 1, "content_type": 16, "object_id": "3", "object_repr": "فلفل سیاه - Black pepper", "action_flag": 2, "change_message": "[{\"changed\": {\"fields\": [\"Image\"]}}]"}}, {"model": "admin.logentry", "pk": 163, "fields": {"action_time": "2023-06-15T06:54:01.840Z", "user": 1, "content_type": 16, "object_id": "2", "object_repr": "پوست پرتقال - orange peel", "action_flag": 2, "change_message": "[{\"changed\": {\"fields\": [\"Image\"]}}]"}}, {"model": "admin.logentry", "pk": 164, "fields": {"action_time": "2023-06-15T06:54:31.134Z", "user": 1, "content_type": 16, "object_id": "1", "object_repr": "دارچین - Cinnamon", "action_flag": 2, "change_message": "[{\"changed\": {\"fields\": [\"Image\"]}}]"}}, {"model": "admin.logentry", "pk": 165, "fields": {"action_time": "2023-06-15T06:55:17.594Z", "user": 1, "content_type": 26, "object_id": "6", "object_repr": "ادویه چای", "action_flag": 2, "change_message": "[{\"changed\": {\"fields\": [\"Image\"]}}]"}}, {"model": "admin.logentry", "pk": 166, "fields": {"action_time": "2023-06-15T06:55:27.820Z", "user": 1, "content_type": 26, "object_id": "7", "object_repr": "ادویه قهوه", "action_flag": 2, "change_message": "[{\"changed\": {\"fields\": [\"Image\"]}}]"}}, {"model": "admin.logentry", "pk": 167, "fields": {"action_time": "2023-06-15T06:55:39.356Z", "user": 1, "content_type": 26, "object_id": "8", "object_repr": "ادویه سرماخوردگی", "action_flag": 2, "change_message": "[{\"changed\": {\"fields\": [\"Image\"]}}]"}}, {"model": "admin.logentry", "pk": 168, "fields": {"action_time": "2023-06-15T06:55:51.031Z", "user": 1, "content_type": 26, "object_id": "9", "object_repr": "ادویه درد مفاصل", "action_flag": 2, "change_message": "[{\"changed\": {\"fields\": [\"Image\"]}}]"}}, {"model": "admin.logentry", "pk": 169, "fields": {"action_time": "2023-06-15T06:56:03.155Z", "user": 1, "content_type": 26, "object_id": "4", "object_repr": "ادویه گوشت ومرغ", "action_flag": 2, "change_message": "[{\"changed\": {\"fields\": [\"Image\"]}}]"}}, {"model": "admin.logentry", "pk": 170, "fields": {"action_time": "2023-06-15T06:56:15.200Z", "user": 1, "content_type": 26, "object_id": "5", "object_repr": "ادویه سبزیجات", "action_flag": 2, "change_message": "[{\"changed\": {\"fields\": [\"Image\"]}}]"}}, {"model": "admin.logentry", "pk": 171, "fields": {"action_time": "2023-06-15T07:01:32.717Z", "user": 1, "content_type": 9, "object_id": "1", "object_repr": "09981879975", "action_flag": 2, "change_message": "[{\"changed\": {\"fields\": [\"Profile\"]}}]"}}, {"model": "admin.logentry", "pk": 172, "fields": {"action_time": "2023-06-15T07:10:58.269Z", "user": 1, "content_type": 16, "object_id": "8", "object_repr": "دانه های لین - Linseeds", "action_flag": 2, "change_message": "[{\"changed\": {\"fields\": [\"Image\"]}}]"}}, {"model": "admin.logentry", "pk": 173, "fields": {"action_time": "2023-06-15T07:26:19.284Z", "user": 1, "content_type": 8, "object_id": "1", "object_repr": "test - BANNER", "action_flag": 2, "change_message": "[{\"changed\": {\"fields\": [\"Position\", \"Image\"]}}]"}}, {"model": "admin.logentry", "pk": 174, "fields": {"action_time": "2023-06-15T07:42:34.341Z", "user": 1, "content_type": 8, "object_id": "1", "object_repr": "test - BANNER", "action_flag": 2, "change_message": "[{\"changed\": {\"fields\": [\"Image\"]}}]"}}, {"model": "admin.logentry", "pk": 175, "fields": {"action_time": "2023-06-15T07:45:29.951Z", "user": 1, "content_type": 9, "object_id": "1", "object_repr": "09981879975", "action_flag": 2, "change_message": "[{\"changed\": {\"fields\": [\"Profile\"]}}]"}}, {"model": "admin.logentry", "pk": 176, "fields": {"action_time": "2023-06-15T07:46:50.010Z", "user": 1, "content_type": 9, "object_id": "1", "object_repr": "09981879975", "action_flag": 2, "change_message": "[{\"changed\": {\"fields\": [\"Profile\"]}}]"}}, {"model": "admin.logentry", "pk": 177, "fields": {"action_time": "2023-06-15T08:06:53.666Z", "user": 1, "content_type": 8, "object_id": "4", "object_repr": "main - SLIDER", "action_flag": 2, "change_message": "[{\"changed\": {\"fields\": [\"Image\"]}}]"}}, {"model": "admin.logentry", "pk": 178, "fields": {"action_time": "2023-06-15T08:07:37.516Z", "user": 1, "content_type": 8, "object_id": "4", "object_repr": "main - SLIDER", "action_flag": 2, "change_message": "[{\"changed\": {\"fields\": [\"Image\"]}}]"}}, {"model": "admin.logentry", "pk": 179, "fields": {"action_time": "2023-06-15T08:08:09.425Z", "user": 1, "content_type": 8, "object_id": "4", "object_repr": "main - SLIDER", "action_flag": 2, "change_message": "[{\"changed\": {\"fields\": [\"Image\"]}}]"}}, {"model": "admin.logentry", "pk": 180, "fields": {"action_time": "2023-06-15T08:13:59.938Z", "user": 1, "content_type": 8, "object_id": "1", "object_repr": "test - BANNER", "action_flag": 2, "change_message": "[{\"changed\": {\"fields\": [\"Image\"]}}]"}}, {"model": "admin.logentry", "pk": 181, "fields": {"action_time": "2023-06-15T08:15:03.319Z", "user": 1, "content_type": 8, "object_id": "3", "object_repr": "tet - BANNER", "action_flag": 2, "change_message": "[{\"changed\": {\"fields\": [\"Image\"]}}]"}}, {"model": "admin.logentry", "pk": 182, "fields": {"action_time": "2023-06-15T08:37:36.603Z", "user": 1, "content_type": 8, "object_id": "5", "object_repr": "Anoter - SLIDER", "action_flag": 2, "change_message": "[{\"changed\": {\"fields\": [\"Image\"]}}]"}}, {"model": "admin.logentry", "pk": 183, "fields": {"action_time": "2023-06-15T09:53:12.276Z", "user": 1, "content_type": 26, "object_id": "2", "object_repr": "ادویه نوشیدنی", "action_flag": 2, "change_message": "[{\"changed\": {\"fields\": [\"Image\"]}}]"}}, {"model": "admin.logentry", "pk": 184, "fields": {"action_time": "2023-06-15T09:53:26.491Z", "user": 1, "content_type": 26, "object_id": "3", "object_repr": "ادویه دارویی", "action_flag": 2, "change_message": "[{\"changed\": {\"fields\": [\"Image\"]}}]"}}, {"model": "admin.logentry", "pk": 185, "fields": {"action_time": "2023-06-15T09:53:33.523Z", "user": 1, "content_type": 26, "object_id": "1", "object_repr": "ادویه غذا", "action_flag": 2, "change_message": "[{\"changed\": {\"fields\": [\"Image\"]}}]"}}, {"model": "auth.permission", "pk": 1, "fields": {"name": "Can add log entry", "content_type": 1, "codename": "add_logentry"}}, {"model": "auth.permission", "pk": 2, "fields": {"name": "Can change log entry", "content_type": 1, "codename": "change_logentry"}}, {"model": "auth.permission", "pk": 3, "fields": {"name": "Can delete log entry", "content_type": 1, "codename": "delete_logentry"}}, {"model": "auth.permission", "pk": 4, "fields": {"name": "Can view log entry", "content_type": 1, "codename": "view_logentry"}}, {"model": "auth.permission", "pk": 5, "fields": {"name": "Can add permission", "content_type": 2, "codename": "add_permission"}}, {"model": "auth.permission", "pk": 6, "fields": {"name": "Can change permission", "content_type": 2, "codename": "change_permission"}}, {"model": "auth.permission", "pk": 7, "fields": {"name": "Can delete permission", "content_type": 2, "codename": "delete_permission"}}, {"model": "auth.permission", "pk": 8, "fields": {"name": "Can view permission", "content_type": 2, "codename": "view_permission"}}, {"model": "auth.permission", "pk": 9, "fields": {"name": "Can add group", "content_type": 3, "codename": "add_group"}}, {"model": "auth.permission", "pk": 10, "fields": {"name": "Can change group", "content_type": 3, "codename": "change_group"}}, {"model": "auth.permission", "pk": 11, "fields": {"name": "Can delete group", "content_type": 3, "codename": "delete_group"}}, {"model": "auth.permission", "pk": 12, "fields": {"name": "Can view group", "content_type": 3, "codename": "view_group"}}, {"model": "auth.permission", "pk": 13, "fields": {"name": "Can add content type", "content_type": 4, "codename": "add_contenttype"}}, {"model": "auth.permission", "pk": 14, "fields": {"name": "Can change content type", "content_type": 4, "codename": "change_contenttype"}}, {"model": "auth.permission", "pk": 15, "fields": {"name": "Can delete content type", "content_type": 4, "codename": "delete_contenttype"}}, {"model": "auth.permission", "pk": 16, "fields": {"name": "Can view content type", "content_type": 4, "codename": "view_contenttype"}}, {"model": "auth.permission", "pk": 17, "fields": {"name": "Can add session", "content_type": 5, "codename": "add_session"}}, {"model": "auth.permission", "pk": 18, "fields": {"name": "Can change session", "content_type": 5, "codename": "change_session"}}, {"model": "auth.permission", "pk": 19, "fields": {"name": "Can delete session", "content_type": 5, "codename": "delete_session"}}, {"model": "auth.permission", "pk": 20, "fields": {"name": "Can view session", "content_type": 5, "codename": "view_session"}}, {"model": "auth.permission", "pk": 21, "fields": {"name": "Can add blacklisted token", "content_type": 6, "codename": "add_blacklistedtoken"}}, {"model": "auth.permission", "pk": 22, "fields": {"name": "Can change blacklisted token", "content_type": 6, "codename": "change_blacklistedtoken"}}, {"model": "auth.permission", "pk": 23, "fields": {"name": "Can delete blacklisted token", "content_type": 6, "codename": "delete_blacklistedtoken"}}, {"model": "auth.permission", "pk": 24, "fields": {"name": "Can view blacklisted token", "content_type": 6, "codename": "view_blacklistedtoken"}}, {"model": "auth.permission", "pk": 25, "fields": {"name": "Can add outstanding token", "content_type": 7, "codename": "add_outstandingtoken"}}, {"model": "auth.permission", "pk": 26, "fields": {"name": "Can change outstanding token", "content_type": 7, "codename": "change_outstandingtoken"}}, {"model": "auth.permission", "pk": 27, "fields": {"name": "Can delete outstanding token", "content_type": 7, "codename": "delete_outstandingtoken"}}, {"model": "auth.permission", "pk": 28, "fields": {"name": "Can view outstanding token", "content_type": 7, "codename": "view_outstandingtoken"}}, {"model": "auth.permission", "pk": 29, "fields": {"name": "Can add site banner", "content_type": 8, "codename": "add_sitebanner"}}, {"model": "auth.permission", "pk": 30, "fields": {"name": "Can change site banner", "content_type": 8, "codename": "change_sitebanner"}}, {"model": "auth.permission", "pk": 31, "fields": {"name": "Can delete site banner", "content_type": 8, "codename": "delete_sitebanner"}}, {"model": "auth.permission", "pk": 32, "fields": {"name": "Can view site banner", "content_type": 8, "codename": "view_sitebanner"}}, {"model": "auth.permission", "pk": 33, "fields": {"name": "Can add user", "content_type": 9, "codename": "add_user"}}, {"model": "auth.permission", "pk": 34, "fields": {"name": "Can change user", "content_type": 9, "codename": "change_user"}}, {"model": "auth.permission", "pk": 35, "fields": {"name": "Can delete user", "content_type": 9, "codename": "delete_user"}}, {"model": "auth.permission", "pk": 36, "fields": {"name": "Can view user", "content_type": 9, "codename": "view_user"}}, {"model": "auth.permission", "pk": 37, "fields": {"name": "Can add user search history", "content_type": 10, "codename": "add_usersearchhistory"}}, {"model": "auth.permission", "pk": 38, "fields": {"name": "Can change user search history", "content_type": 10, "codename": "change_usersearchhistory"}}, {"model": "auth.permission", "pk": 39, "fields": {"name": "Can delete user search history", "content_type": 10, "codename": "delete_usersearchhistory"}}, {"model": "auth.permission", "pk": 40, "fields": {"name": "Can view user search history", "content_type": 10, "codename": "view_usersearchhistory"}}, {"model": "auth.permission", "pk": 41, "fields": {"name": "Can add user addresses", "content_type": 11, "codename": "add_useraddresses"}}, {"model": "auth.permission", "pk": 42, "fields": {"name": "Can change user addresses", "content_type": 11, "codename": "change_useraddresses"}}, {"model": "auth.permission", "pk": 43, "fields": {"name": "Can delete user addresses", "content_type": 11, "codename": "delete_useraddresses"}}, {"model": "auth.permission", "pk": 44, "fields": {"name": "Can view user addresses", "content_type": 11, "codename": "view_useraddresses"}}, {"model": "auth.permission", "pk": 45, "fields": {"name": "Can add transaction", "content_type": 12, "codename": "add_transaction"}}, {"model": "auth.permission", "pk": 46, "fields": {"name": "Can change transaction", "content_type": 12, "codename": "change_transaction"}}, {"model": "auth.permission", "pk": 47, "fields": {"name": "Can delete transaction", "content_type": 12, "codename": "delete_transaction"}}, {"model": "auth.permission", "pk": 48, "fields": {"name": "Can view transaction", "content_type": 12, "codename": "view_transaction"}}, {"model": "auth.permission", "pk": 49, "fields": {"name": "Can add order", "content_type": 13, "codename": "add_order"}}, {"model": "auth.permission", "pk": 50, "fields": {"name": "Can change order", "content_type": 13, "codename": "change_order"}}, {"model": "auth.permission", "pk": 51, "fields": {"name": "Can delete order", "content_type": 13, "codename": "delete_order"}}, {"model": "auth.permission", "pk": 52, "fields": {"name": "Can view order", "content_type": 13, "codename": "view_order"}}, {"model": "auth.permission", "pk": 53, "fields": {"name": "Can add order address", "content_type": 14, "codename": "add_orderaddress"}}, {"model": "auth.permission", "pk": 54, "fields": {"name": "Can change order address", "content_type": 14, "codename": "change_orderaddress"}}, {"model": "auth.permission", "pk": 55, "fields": {"name": "Can delete order address", "content_type": 14, "codename": "delete_orderaddress"}}, {"model": "auth.permission", "pk": 56, "fields": {"name": "Can view order address", "content_type": 14, "codename": "view_orderaddress"}}, {"model": "auth.permission", "pk": 57, "fields": {"name": "Can add order item", "content_type": 15, "codename": "add_orderitem"}}, {"model": "auth.permission", "pk": 58, "fields": {"name": "Can change order item", "content_type": 15, "codename": "change_orderitem"}}, {"model": "auth.permission", "pk": 59, "fields": {"name": "Can delete order item", "content_type": 15, "codename": "delete_orderitem"}}, {"model": "auth.permission", "pk": 60, "fields": {"name": "Can view order item", "content_type": 15, "codename": "view_orderitem"}}, {"model": "auth.permission", "pk": 61, "fields": {"name": "Can add product", "content_type": 16, "codename": "add_product"}}, {"model": "auth.permission", "pk": 62, "fields": {"name": "Can change product", "content_type": 16, "codename": "change_product"}}, {"model": "auth.permission", "pk": 63, "fields": {"name": "Can delete product", "content_type": 16, "codename": "delete_product"}}, {"model": "auth.permission", "pk": 64, "fields": {"name": "Can view product", "content_type": 16, "codename": "view_product"}}, {"model": "auth.permission", "pk": 65, "fields": {"name": "Can add property", "content_type": 17, "codename": "add_property"}}, {"model": "auth.permission", "pk": 66, "fields": {"name": "Can change property", "content_type": 17, "codename": "change_property"}}, {"model": "auth.permission", "pk": 67, "fields": {"name": "Can delete property", "content_type": 17, "codename": "delete_property"}}, {"model": "auth.permission", "pk": 68, "fields": {"name": "Can view property", "content_type": 17, "codename": "view_property"}}, {"model": "auth.permission", "pk": 69, "fields": {"name": "Can add variant prefix", "content_type": 18, "codename": "add_variantprefix"}}, {"model": "auth.permission", "pk": 70, "fields": {"name": "Can change variant prefix", "content_type": 18, "codename": "change_variantprefix"}}, {"model": "auth.permission", "pk": 71, "fields": {"name": "Can delete variant prefix", "content_type": 18, "codename": "delete_variantprefix"}}, {"model": "auth.permission", "pk": 72, "fields": {"name": "Can view variant prefix", "content_type": 18, "codename": "view_variantprefix"}}, {"model": "auth.permission", "pk": 73, "fields": {"name": "Can add variant type", "content_type": 19, "codename": "add_varianttype"}}, {"model": "auth.permission", "pk": 74, "fields": {"name": "Can change variant type", "content_type": 19, "codename": "change_varianttype"}}, {"model": "auth.permission", "pk": 75, "fields": {"name": "Can delete variant type", "content_type": 19, "codename": "delete_varianttype"}}, {"model": "auth.permission", "pk": 76, "fields": {"name": "Can view variant type", "content_type": 19, "codename": "view_varianttype"}}, {"model": "auth.permission", "pk": 77, "fields": {"name": "Can add variant value", "content_type": 20, "codename": "add_variantvalue"}}, {"model": "auth.permission", "pk": 78, "fields": {"name": "Can change variant value", "content_type": 20, "codename": "change_variantvalue"}}, {"model": "auth.permission", "pk": 79, "fields": {"name": "Can delete variant value", "content_type": 20, "codename": "delete_variantvalue"}}, {"model": "auth.permission", "pk": 80, "fields": {"name": "Can view variant value", "content_type": 20, "codename": "view_variantvalue"}}, {"model": "auth.permission", "pk": 81, "fields": {"name": "Can add user recent visited product", "content_type": 21, "codename": "add_userrecentvisitedproduct"}}, {"model": "auth.permission", "pk": 82, "fields": {"name": "Can change user recent visited product", "content_type": 21, "codename": "change_userrecentvisitedproduct"}}, {"model": "auth.permission", "pk": 83, "fields": {"name": "Can delete user recent visited product", "content_type": 21, "codename": "delete_userrecentvisitedproduct"}}, {"model": "auth.permission", "pk": 84, "fields": {"name": "Can view user recent visited product", "content_type": 21, "codename": "view_userrecentvisitedproduct"}}, {"model": "auth.permission", "pk": 85, "fields": {"name": "Can add user favorite products", "content_type": 22, "codename": "add_userfavoriteproducts"}}, {"model": "auth.permission", "pk": 86, "fields": {"name": "Can change user favorite products", "content_type": 22, "codename": "change_userfavoriteproducts"}}, {"model": "auth.permission", "pk": 87, "fields": {"name": "Can delete user favorite products", "content_type": 22, "codename": "delete_userfavoriteproducts"}}, {"model": "auth.permission", "pk": 88, "fields": {"name": "Can view user favorite products", "content_type": 22, "codename": "view_userfavoriteproducts"}}, {"model": "auth.permission", "pk": 89, "fields": {"name": "Can add product visit", "content_type": 23, "codename": "add_productvisit"}}, {"model": "auth.permission", "pk": 90, "fields": {"name": "Can change product visit", "content_type": 23, "codename": "change_productvisit"}}, {"model": "auth.permission", "pk": 91, "fields": {"name": "Can delete product visit", "content_type": 23, "codename": "delete_productvisit"}}, {"model": "auth.permission", "pk": 92, "fields": {"name": "Can view product visit", "content_type": 23, "codename": "view_productvisit"}}, {"model": "auth.permission", "pk": 93, "fields": {"name": "Can add product variant", "content_type": 24, "codename": "add_productvariant"}}, {"model": "auth.permission", "pk": 94, "fields": {"name": "Can change product variant", "content_type": 24, "codename": "change_productvariant"}}, {"model": "auth.permission", "pk": 95, "fields": {"name": "Can delete product variant", "content_type": 24, "codename": "delete_productvariant"}}, {"model": "auth.permission", "pk": 96, "fields": {"name": "Can view product variant", "content_type": 24, "codename": "view_productvariant"}}, {"model": "auth.permission", "pk": 97, "fields": {"name": "Can add product property", "content_type": 25, "codename": "add_productproperty"}}, {"model": "auth.permission", "pk": 98, "fields": {"name": "Can change product property", "content_type": 25, "codename": "change_productproperty"}}, {"model": "auth.permission", "pk": 99, "fields": {"name": "Can delete product property", "content_type": 25, "codename": "delete_productproperty"}}, {"model": "auth.permission", "pk": 100, "fields": {"name": "Can view product property", "content_type": 25, "codename": "view_productproperty"}}, {"model": "auth.permission", "pk": 101, "fields": {"name": "Can add Category", "content_type": 26, "codename": "add_category"}}, {"model": "auth.permission", "pk": 102, "fields": {"name": "Can change Category", "content_type": 26, "codename": "change_category"}}, {"model": "auth.permission", "pk": 103, "fields": {"name": "Can delete Category", "content_type": 26, "codename": "delete_category"}}, {"model": "auth.permission", "pk": 104, "fields": {"name": "Can view Category", "content_type": 26, "codename": "view_category"}}, {"model": "auth.permission", "pk": 105, "fields": {"name": "Can add category banner", "content_type": 27, "codename": "add_categorybanner"}}, {"model": "auth.permission", "pk": 106, "fields": {"name": "Can change category banner", "content_type": 27, "codename": "change_categorybanner"}}, {"model": "auth.permission", "pk": 107, "fields": {"name": "Can delete category banner", "content_type": 27, "codename": "delete_categorybanner"}}, {"model": "auth.permission", "pk": 108, "fields": {"name": "Can view category banner", "content_type": 27, "codename": "view_categorybanner"}}, {"model": "auth.permission", "pk": 109, "fields": {"name": "Can add shipping service", "content_type": 28, "codename": "add_shippingservice"}}, {"model": "auth.permission", "pk": 110, "fields": {"name": "Can change shipping service", "content_type": 28, "codename": "change_shippingservice"}}, {"model": "auth.permission", "pk": 111, "fields": {"name": "Can delete shipping service", "content_type": 28, "codename": "delete_shippingservice"}}, {"model": "auth.permission", "pk": 112, "fields": {"name": "Can view shipping service", "content_type": 28, "codename": "view_shippingservice"}}, {"model": "auth.permission", "pk": 113, "fields": {"name": "Can add shipping rate", "content_type": 29, "codename": "add_shippingrate"}}, {"model": "auth.permission", "pk": 114, "fields": {"name": "Can change shipping rate", "content_type": 29, "codename": "change_shippingrate"}}, {"model": "auth.permission", "pk": 115, "fields": {"name": "Can delete shipping rate", "content_type": 29, "codename": "delete_shippingrate"}}, {"model": "auth.permission", "pk": 116, "fields": {"name": "Can view shipping rate", "content_type": 29, "codename": "view_shippingrate"}}, {"model": "auth.permission", "pk": 117, "fields": {"name": "Can add refund order item", "content_type": 30, "codename": "add_refundorderitem"}}, {"model": "auth.permission", "pk": 118, "fields": {"name": "Can change refund order item", "content_type": 30, "codename": "change_refundorderitem"}}, {"model": "auth.permission", "pk": 119, "fields": {"name": "Can delete refund order item", "content_type": 30, "codename": "delete_refundorderitem"}}, {"model": "auth.permission", "pk": 120, "fields": {"name": "Can view refund order item", "content_type": 30, "codename": "view_refundorderitem"}}, {"model": "auth.permission", "pk": 121, "fields": {"name": "Can add coupon", "content_type": 31, "codename": "add_coupon"}}, {"model": "auth.permission", "pk": 122, "fields": {"name": "Can change coupon", "content_type": 31, "codename": "change_coupon"}}, {"model": "auth.permission", "pk": 123, "fields": {"name": "Can delete coupon", "content_type": 31, "codename": "delete_coupon"}}, {"model": "auth.permission", "pk": 124, "fields": {"name": "Can view coupon", "content_type": 31, "codename": "view_coupon"}}, {"model": "auth.permission", "pk": 125, "fields": {"name": "Can add coupon usage", "content_type": 32, "codename": "add_couponusage"}}, {"model": "auth.permission", "pk": 126, "fields": {"name": "Can change coupon usage", "content_type": 32, "codename": "change_couponusage"}}, {"model": "auth.permission", "pk": 127, "fields": {"name": "Can delete coupon usage", "content_type": 32, "codename": "delete_couponusage"}}, {"model": "auth.permission", "pk": 128, "fields": {"name": "Can view coupon usage", "content_type": 32, "codename": "view_couponusage"}}, {"model": "auth.permission", "pk": 129, "fields": {"name": "Can add verify otp service", "content_type": 33, "codename": "add_verifyotpservice"}}, {"model": "auth.permission", "pk": 130, "fields": {"name": "Can change verify otp service", "content_type": 33, "codename": "change_verifyotpservice"}}, {"model": "auth.permission", "pk": 131, "fields": {"name": "Can delete verify otp service", "content_type": 33, "codename": "delete_verifyotpservice"}}, {"model": "auth.permission", "pk": 132, "fields": {"name": "Can view verify otp service", "content_type": 33, "codename": "view_verifyotpservice"}}, {"model": "auth.permission", "pk": 133, "fields": {"name": "Can add verify newsletter service", "content_type": 34, "codename": "add_verifynewsletterservice"}}, {"model": "auth.permission", "pk": 134, "fields": {"name": "Can change verify newsletter service", "content_type": 34, "codename": "change_verifynewsletterservice"}}, {"model": "auth.permission", "pk": 135, "fields": {"name": "Can delete verify newsletter service", "content_type": 34, "codename": "delete_verifynewsletterservice"}}, {"model": "auth.permission", "pk": 136, "fields": {"name": "Can view verify newsletter service", "content_type": 34, "codename": "view_verifynewsletterservice"}}, {"model": "auth.permission", "pk": 137, "fields": {"name": "Can add newsletter", "content_type": 35, "codename": "add_newsletter"}}, {"model": "auth.permission", "pk": 138, "fields": {"name": "Can change newsletter", "content_type": 35, "codename": "change_newsletter"}}, {"model": "auth.permission", "pk": 139, "fields": {"name": "Can delete newsletter", "content_type": 35, "codename": "delete_newsletter"}}, {"model": "auth.permission", "pk": 140, "fields": {"name": "Can view newsletter", "content_type": 35, "codename": "view_newsletter"}}, {"model": "contenttypes.contenttype", "pk": 1, "fields": {"app_label": "admin", "model": "logentry"}}, {"model": "contenttypes.contenttype", "pk": 2, "fields": {"app_label": "auth", "model": "permission"}}, {"model": "contenttypes.contenttype", "pk": 3, "fields": {"app_label": "auth", "model": "group"}}, {"model": "contenttypes.contenttype", "pk": 4, "fields": {"app_label": "contenttypes", "model": "contenttype"}}, {"model": "contenttypes.contenttype", "pk": 5, "fields": {"app_label": "sessions", "model": "session"}}, {"model": "contenttypes.contenttype", "pk": 6, "fields": {"app_label": "token_blacklist", "model": "blacklistedtoken"}}, {"model": "contenttypes.contenttype", "pk": 7, "fields": {"app_label": "token_blacklist", "model": "outstandingtoken"}}, {"model": "contenttypes.contenttype", "pk": 8, "fields": {"app_label": "website_banner", "model": "sitebanner"}}, {"model": "contenttypes.contenttype", "pk": 9, "fields": {"app_label": "user_management", "model": "user"}}, {"model": "contenttypes.contenttype", "pk": 10, "fields": {"app_label": "user_management", "model": "usersearchhistory"}}, {"model": "contenttypes.contenttype", "pk": 11, "fields": {"app_label": "user_addresses", "model": "useraddresses"}}, {"model": "contenttypes.contenttype", "pk": 12, "fields": {"app_label": "transaction_management", "model": "transaction"}}, {"model": "contenttypes.contenttype", "pk": 13, "fields": {"app_label": "order_management", "model": "order"}}, {"model": "contenttypes.contenttype", "pk": 14, "fields": {"app_label": "order_management", "model": "orderaddress"}}, {"model": "contenttypes.contenttype", "pk": 15, "fields": {"app_label": "order_management", "model": "orderitem"}}, {"model": "contenttypes.contenttype", "pk": 16, "fields": {"app_label": "product_management", "model": "product"}}, {"model": "contenttypes.contenttype", "pk": 17, "fields": {"app_label": "product_management", "model": "property"}}, {"model": "contenttypes.contenttype", "pk": 18, "fields": {"app_label": "product_management", "model": "variantprefix"}}, {"model": "contenttypes.contenttype", "pk": 19, "fields": {"app_label": "product_management", "model": "varianttype"}}, {"model": "contenttypes.contenttype", "pk": 20, "fields": {"app_label": "product_management", "model": "variantvalue"}}, {"model": "contenttypes.contenttype", "pk": 21, "fields": {"app_label": "product_management", "model": "userrecentvisitedproduct"}}, {"model": "contenttypes.contenttype", "pk": 22, "fields": {"app_label": "product_management", "model": "userfavoriteproducts"}}, {"model": "contenttypes.contenttype", "pk": 23, "fields": {"app_label": "product_management", "model": "productvisit"}}, {"model": "contenttypes.contenttype", "pk": 24, "fields": {"app_label": "product_management", "model": "productvariant"}}, {"model": "contenttypes.contenttype", "pk": 25, "fields": {"app_label": "product_management", "model": "productproperty"}}, {"model": "contenttypes.contenttype", "pk": 26, "fields": {"app_label": "category_management", "model": "category"}}, {"model": "contenttypes.contenttype", "pk": 27, "fields": {"app_label": "category_management", "model": "categorybanner"}}, {"model": "contenttypes.contenttype", "pk": 28, "fields": {"app_label": "shipping_management", "model": "shippingservice"}}, {"model": "contenttypes.contenttype", "pk": 29, "fields": {"app_label": "shipping_management", "model": "shippingrate"}}, {"model": "contenttypes.contenttype", "pk": 30, "fields": {"app_label": "refund_management", "model": "refundorderitem"}}, {"model": "contenttypes.contenttype", "pk": 31, "fields": {"app_label": "coupon_management", "model": "coupon"}}, {"model": "contenttypes.contenttype", "pk": 32, "fields": {"app_label": "coupon_management", "model": "couponusage"}}, {"model": "contenttypes.contenttype", "pk": 33, "fields": {"app_label": "verification_notification", "model": "verifyotpservice"}}, {"model": "contenttypes.contenttype", "pk": 34, "fields": {"app_label": "verification_notification", "model": "verifynewsletterservice"}}, {"model": "contenttypes.contenttype", "pk": 35, "fields": {"app_label": "announcement_notification", "model": "newsletter"}}, {"model": "sessions.session", "pk": "ej5t787sgnxiefnlh1xhx5xq9dcalsnl", "fields": {"session_data": ".eJxVjDsOwjAQRO_iGllesv5R0ucMlu1dcADZUpxUiLuTSCmgG817M28R4rqUsHaew0TiIkCcfrsU85PrDugR673J3OoyT0nuijxol2Mjfl0P9--gxF62NTpKLqlIFjSi0ufsjCFwSDfLA-RkrR9UZquT8U4ZD8BEBpEJaAvi8wXSFjew:1q6VqS:4VdRPjREf1roFKetb6ry6H7lBO95N_GYCAHQpXJd5v8", "expire_date": "2023-06-20T12:31:28.479Z"}}, {"model": "sessions.session", "pk": "ud3glayruow8i04hqgy1dyqu3lb05ubl", "fields": {"session_data": ".eJxVjDsOwjAQRO_iGllesv5R0ucMlu1dcADZUpxUiLuTSCmgG817M28R4rqUsHaew0TiIkCcfrsU85PrDugR673J3OoyT0nuijxol2Mjfl0P9--gxF62NTpKLqlIFjSi0ufsjCFwSDfLA-RkrR9UZquT8U4ZD8BEBpEJaAvi8wXSFjew:1q9gfT:onzU4YXy53r8W4j5nS3KEeYgagYzAOidOrqb1mwASqw", "expire_date": "2023-06-29T06:41:15.062Z"}}, {"model": "sessions.session", "pk": "yba2xmm7dghfa5kdz7rlqrwortq4p1ju", "fields": {"session_data": ".eJxVjDsOwjAQRO_iGllesv5R0ucMlu1dcADZUpxUiLuTSCmgG817M28R4rqUsHaew0TiIkCcfrsU85PrDugR673J3OoyT0nuijxol2Mjfl0P9--gxF62NTpKLqlIFjSi0ufsjCFwSDfLA-RkrR9UZquT8U4ZD8BEBpEJaAvi8wXSFjew:1q9h5j:SvbTvaT2FGXx8SGzT5BvqEz6JQTi1-VoR4OiRbEbAiY", "expire_date": "2023-06-29T07:08:23.241Z"}}, {"model": "token_blacklist.outstandingtoken", "pk": 1, "fields": {"user": 1, "jti": "d4730e621891437ba7171e310d15a293", "token": "eyJhbGciOiJIUzI1NiIsInR5cCI6IkpXVCJ9.eyJ0b2tlbl90eXBlIjoicmVmcmVzaCIsImV4cCI6MTY5MzQwNDU5OSwiaWF0IjoxNjg1NjI4NTk5LCJqdGkiOiJkNDczMGU2MjE4OTE0MzdiYTcxNzFlMzEwZDE1YTI5MyIsInVzZXJfaWQiOjF9.yqUlKnqDn2KfEke7R2fq7Ugij2m91liNC-wUz7JXL0Q", "created_at": "2023-06-01T14:09:59.617Z", "expires_at": "2023-08-30T14:09:59Z"}}, {"model": "token_blacklist.outstandingtoken", "pk": 2, "fields": {"user": 1, "jti": "9d3b9d7109914fa29186deec3c19350e", "token": "eyJhbGciOiJIUzI1NiIsInR5cCI6IkpXVCJ9.eyJ0b2tlbl90eXBlIjoicmVmcmVzaCIsImV4cCI6MTY5MzQ3MjE1NCwiaWF0IjoxNjg1Njk2MTU0LCJqdGkiOiI5ZDNiOWQ3MTA5OTE0ZmEyOTE4NmRlZWMzYzE5MzUwZSIsInVzZXJfaWQiOjF9.HHu4FKkPq865beolb9MokuHKELtD34LxZW-EoT_UmrM", "created_at": "2023-06-02T08:55:54.388Z", "expires_at": "2023-08-31T08:55:54Z"}}, {"model": "token_blacklist.outstandingtoken", "pk": 3, "fields": {"user": 1, "jti": "d369d208b5954554b539f5e0388b67c8", "token": "eyJhbGciOiJIUzI1NiIsInR5cCI6IkpXVCJ9.eyJ0b2tlbl90eXBlIjoicmVmcmVzaCIsImV4cCI6MTY5MzQ3MjIyOSwiaWF0IjoxNjg1Njk2MjI5LCJqdGkiOiJkMzY5ZDIwOGI1OTU0NTU0YjUzOWY1ZTAzODhiNjdjOCIsInVzZXJfaWQiOjF9.yVCikdbN4lJD6eKBGB2_JHN3jBuo2YQ81G2dAXclhzQ", "created_at": "2023-06-02T08:57:09.016Z", "expires_at": "2023-08-31T08:57:09Z"}}, {"model": "token_blacklist.outstandingtoken", "pk": 4, "fields": {"user": 1, "jti": "0b17961d4acf48589cc64cad57261542", "token": "eyJhbGciOiJIUzI1NiIsInR5cCI6IkpXVCJ9.eyJ0b2tlbl90eXBlIjoicmVmcmVzaCIsImV4cCI6MTY5MzQ3MjkzOCwiaWF0IjoxNjg1Njk2OTM4LCJqdGkiOiIwYjE3OTYxZDRhY2Y0ODU4OWNjNjRjYWQ1NzI2MTU0MiIsInVzZXJfaWQiOjF9.o0eXsVdu8HrrL5hGj8hnXXBvKAq3vpI7hnLH-j1RVFg", "created_at": "2023-06-02T09:08:58.997Z", "expires_at": "2023-08-31T09:08:58Z"}}, {"model": "token_blacklist.outstandingtoken", "pk": 5, "fields": {"user": 1, "jti": "9d3c92c85d3c4ff49bf54fa66f23a96f", "token": "eyJhbGciOiJIUzI1NiIsInR5cCI6IkpXVCJ9.eyJ0b2tlbl90eXBlIjoicmVmcmVzaCIsImV4cCI6MTY5MzQ3MzAyMywiaWF0IjoxNjg1Njk3MDIzLCJqdGkiOiI5ZDNjOTJjODVkM2M0ZmY0OWJmNTRmYTY2ZjIzYTk2ZiIsInVzZXJfaWQiOjF9.7YPhxdFBlej9LCBDmSCtKoS3FSy7WRW31iTQTIyUMOY", "created_at": "2023-06-02T09:10:23.343Z", "expires_at": "2023-08-31T09:10:23Z"}}, {"model": "token_blacklist.outstandingtoken", "pk": 6, "fields": {"user": 1, "jti": "d0f0312f17d64d4ca7b69e9d239404c7", "token": "eyJhbGciOiJIUzI1NiIsInR5cCI6IkpXVCJ9.eyJ0b2tlbl90eXBlIjoicmVmcmVzaCIsImV4cCI6MTY5MzQ3NDAwOCwiaWF0IjoxNjg1Njk4MDA4LCJqdGkiOiJkMGYwMzEyZjE3ZDY0ZDRjYTdiNjllOWQyMzk0MDRjNyIsInVzZXJfaWQiOjF9.uYOnCcD80HnqgpkzYBQ09dpjXSxhNmSgidAnR96hZec", "created_at": "2023-06-02T09:26:48.311Z", "expires_at": "2023-08-31T09:26:48Z"}}, {"model": "token_blacklist.outstandingtoken", "pk": 7, "fields": {"user": 1, "jti": "51c648bfd5d641aa96b967937afbd72a", "token": "eyJhbGciOiJIUzI1NiIsInR5cCI6IkpXVCJ9.eyJ0b2tlbl90eXBlIjoicmVmcmVzaCIsImV4cCI6MTY5MzQ3NDQwMiwiaWF0IjoxNjg1Njk4NDAyLCJqdGkiOiI1MWM2NDhiZmQ1ZDY0MWFhOTZiOTY3OTM3YWZiZDcyYSIsInVzZXJfaWQiOjF9.QmXCp5h380xqS93pKeY7b3p1yYtVnGJKIZdQXcMx0vQ", "created_at": "2023-06-02T09:33:22.187Z", "expires_at": "2023-08-31T09:33:22Z"}}, {"model": "token_blacklist.outstandingtoken", "pk": 8, "fields": {"user": 1, "jti": "663b653b3798493480bf00612f823b7f", "token": "eyJhbGciOiJIUzI1NiIsInR5cCI6IkpXVCJ9.eyJ0b2tlbl90eXBlIjoicmVmcmVzaCIsImV4cCI6MTY5MzQ3NDYxNiwiaWF0IjoxNjg1Njk4NjE2LCJqdGkiOiI2NjNiNjUzYjM3OTg0OTM0ODBiZjAwNjEyZjgyM2I3ZiIsInVzZXJfaWQiOjF9.oYUIaVCuRIlxZhnNupfvVnMen3w1G31Xb-Ejfzl7g5Q", "created_at": "2023-06-02T09:36:56.098Z", "expires_at": "2023-08-31T09:36:56Z"}}, {"model": "token_blacklist.outstandingtoken", "pk": 9, "fields": {"user": 1, "jti": "24caf83955d44ff5b5834895efcb144f", "token": "eyJhbGciOiJIUzI1NiIsInR5cCI6IkpXVCJ9.eyJ0b2tlbl90eXBlIjoicmVmcmVzaCIsImV4cCI6MTY5MzQ3NDg3NCwiaWF0IjoxNjg1Njk4ODc0LCJqdGkiOiIyNGNhZjgzOTU1ZDQ0ZmY1YjU4MzQ4OTVlZmNiMTQ0ZiIsInVzZXJfaWQiOjF9.3Vaoixo4oHhXuTxAF74Lv0ywJN-T5IOVajOKKDJCmGU", "created_at": "2023-06-02T09:41:14.437Z", "expires_at": "2023-08-31T09:41:14Z"}}, {"model": "token_blacklist.outstandingtoken", "pk": 10, "fields": {"user": 1, "jti": "933cf95ede7040c0a5f46124b2dddafc", "token": "eyJhbGciOiJIUzI1NiIsInR5cCI6IkpXVCJ9.eyJ0b2tlbl90eXBlIjoicmVmcmVzaCIsImV4cCI6MTY5MzQ3NTQwOCwiaWF0IjoxNjg1Njk5NDA4LCJqdGkiOiI5MzNjZjk1ZWRlNzA0MGMwYTVmNDYxMjRiMmRkZGFmYyIsInVzZXJfaWQiOjF9.gLCvIea2_bksk_rM4uvVqZpNdpSCRB_wjYrLOYbwruY", "created_at": "2023-06-02T09:50:08.291Z", "expires_at": "2023-08-31T09:50:08Z"}}, {"model": "token_blacklist.outstandingtoken", "pk": 11, "fields": {"user": 1, "jti": "7d15e49a8006424488bf38bc3d8f11f1", "token": "eyJhbGciOiJIUzI1NiIsInR5cCI6IkpXVCJ9.eyJ0b2tlbl90eXBlIjoicmVmcmVzaCIsImV4cCI6MTY5MzQ3NjI3NCwiaWF0IjoxNjg1NzAwMjc0LCJqdGkiOiI3ZDE1ZTQ5YTgwMDY0MjQ0ODhiZjM4YmMzZDhmMTFmMSIsInVzZXJfaWQiOjF9.byNALw0N__Ri5FWTbaaYe9DJk39QYcb1a-l2ZK6bJpA", "created_at": "2023-06-02T10:04:34.197Z", "expires_at": "2023-08-31T10:04:34Z"}}, {"model": "token_blacklist.outstandingtoken", "pk": 12, "fields": {"user": 1, "jti": "d45334616a7245119ae1ee614a87ff90", "token": "eyJhbGciOiJIUzI1NiIsInR5cCI6IkpXVCJ9.eyJ0b2tlbl90eXBlIjoicmVmcmVzaCIsImV4cCI6MTY5MzQ3NjMyOCwiaWF0IjoxNjg1NzAwMzI4LCJqdGkiOiJkNDUzMzQ2MTZhNzI0NTExOWFlMWVlNjE0YTg3ZmY5MCIsInVzZXJfaWQiOjF9.egx53jdne2_KpSGuO4Mj_yciLYIaTOAxP-ysBC2y1HU", "created_at": "2023-06-02T10:05:28.138Z", "expires_at": "2023-08-31T10:05:28Z"}}, {"model": "token_blacklist.outstandingtoken", "pk": 13, "fields": {"user": 1, "jti": "ba10e49a6d3d4c7cbd4b19be3bbad1bc", "token": "eyJhbGciOiJIUzI1NiIsInR5cCI6IkpXVCJ9.eyJ0b2tlbl90eXBlIjoicmVmcmVzaCIsImV4cCI6MTY5MzQ3NjY0OSwiaWF0IjoxNjg1NzAwNjQ5LCJqdGkiOiJiYTEwZTQ5YTZkM2Q0YzdjYmQ0YjE5YmUzYmJhZDFiYyIsInVzZXJfaWQiOjF9.xSdL5N_cBQFh1VbMQ_s450kUsAilDdyQhp0SJsp9-mg", "created_at": "2023-06-02T10:10:49.303Z", "expires_at": "2023-08-31T10:10:49Z"}}, {"model": "token_blacklist.outstandingtoken", "pk": 14, "fields": {"user": 1, "jti": "e350b10317c145a49b5a6ef239945bae", "token": "eyJhbGciOiJIUzI1NiIsInR5cCI6IkpXVCJ9.eyJ0b2tlbl90eXBlIjoicmVmcmVzaCIsImV4cCI6MTY5MzQ3NjcyNiwiaWF0IjoxNjg1NzAwNzI2LCJqdGkiOiJlMzUwYjEwMzE3YzE0NWE0OWI1YTZlZjIzOTk0NWJhZSIsInVzZXJfaWQiOjF9.zpDy9UCtXNTwDbX9jMF8xL3Jao-LvqmraLkRswf_9jk", "created_at": "2023-06-02T10:12:06.305Z", "expires_at": "2023-08-31T10:12:06Z"}}, {"model": "token_blacklist.outstandingtoken", "pk": 15, "fields": {"user": 1, "jti": "ff2c987bbea044e3a10457b28381477b", "token": "eyJhbGciOiJIUzI1NiIsInR5cCI6IkpXVCJ9.eyJ0b2tlbl90eXBlIjoicmVmcmVzaCIsImV4cCI6MTY5MzQ3Njc4MCwiaWF0IjoxNjg1NzAwNzgwLCJqdGkiOiJmZjJjOTg3YmJlYTA0NGUzYTEwNDU3YjI4MzgxNDc3YiIsInVzZXJfaWQiOjF9.bN_hB-PI3gZ6v8uqJmpBb94s4glDT0z7tH4K0vU-h9s", "created_at": "2023-06-02T10:13:00.328Z", "expires_at": "2023-08-31T10:13:00Z"}}, {"model": "token_blacklist.outstandingtoken", "pk": 16, "fields": {"user": 1, "jti": "6a5fabdffa994fa6918d84c3bf57fe78", "token": "eyJhbGciOiJIUzI1NiIsInR5cCI6IkpXVCJ9.eyJ0b2tlbl90eXBlIjoicmVmcmVzaCIsImV4cCI6MTY5MzQ3NzUyNSwiaWF0IjoxNjg1NzAxNTI1LCJqdGkiOiI2YTVmYWJkZmZhOTk0ZmE2OTE4ZDg0YzNiZjU3ZmU3OCIsInVzZXJfaWQiOjF9.ZB34WHDMdMizuC2INY-9KbiMtgffy7770r5MB-Iq2JE", "created_at": "2023-06-02T10:25:25.518Z", "expires_at": "2023-08-31T10:25:25Z"}}, {"model": "token_blacklist.outstandingtoken", "pk": 17, "fields": {"user": 1, "jti": "7296320f36854848bff3bc6a30efd27d", "token": "eyJhbGciOiJIUzI1NiIsInR5cCI6IkpXVCJ9.eyJ0b2tlbl90eXBlIjoicmVmcmVzaCIsImV4cCI6MTY5MzQ3NzY4MywiaWF0IjoxNjg1NzAxNjgzLCJqdGkiOiI3Mjk2MzIwZjM2ODU0ODQ4YmZmM2JjNmEzMGVmZDI3ZCIsInVzZXJfaWQiOjF9.sWDyVAF9bwxhZKxmyHIooDD8n6tutpjdNUvaqSTo3Is", "created_at": "2023-06-02T10:28:03.980Z", "expires_at": "2023-08-31T10:28:03Z"}}, {"model": "token_blacklist.outstandingtoken", "pk": 18, "fields": {"user": 1, "jti": "48af0396fce346e3aa6b6e0b541b4272", "token": "eyJhbGciOiJIUzI1NiIsInR5cCI6IkpXVCJ9.eyJ0b2tlbl90eXBlIjoicmVmcmVzaCIsImV4cCI6MTY5MzQ3NzgyNCwiaWF0IjoxNjg1NzAxODI0LCJqdGkiOiI0OGFmMDM5NmZjZTM0NmUzYWE2YjZlMGI1NDFiNDI3MiIsInVzZXJfaWQiOjF9.EuuLFt3E2lylWuBRcsxtiLao0smLr1prikbuvT9T3A0", "created_at": "2023-06-02T10:30:24.769Z", "expires_at": "2023-08-31T10:30:24Z"}}, {"model": "token_blacklist.outstandingtoken", "pk": 19, "fields": {"user": 1, "jti": "7bf18f92c7114a95a3f600aea33d0d81", "token": "eyJhbGciOiJIUzI1NiIsInR5cCI6IkpXVCJ9.eyJ0b2tlbl90eXBlIjoicmVmcmVzaCIsImV4cCI6MTY5MzQ3NzkzOSwiaWF0IjoxNjg1NzAxOTM5LCJqdGkiOiI3YmYxOGY5MmM3MTE0YTk1YTNmNjAwYWVhMzNkMGQ4MSIsInVzZXJfaWQiOjF9.95PkqxuYd0zNVsHMzIW6u7Xqmk3HSBZrwi_XWxzbZXQ", "created_at": "2023-06-02T10:32:19.878Z", "expires_at": "2023-08-31T10:32:19Z"}}, {"model": "token_blacklist.outstandingtoken", "pk": 20, "fields": {"user": 1, "jti": "6f5d98cfc25746a08457b2c2cf2816cc", "token": "eyJhbGciOiJIUzI1NiIsInR5cCI6IkpXVCJ9.eyJ0b2tlbl90eXBlIjoicmVmcmVzaCIsImV4cCI6MTY5MzQ3ODA2NywiaWF0IjoxNjg1NzAyMDY3LCJqdGkiOiI2ZjVkOThjZmMyNTc0NmEwODQ1N2IyYzJjZjI4MTZjYyIsInVzZXJfaWQiOjF9.wRitU8V_wEobdjSRWdlY7yId1GRkxc1Xi3sy8Narivk", "created_at": "2023-06-02T10:34:27.816Z", "expires_at": "2023-08-31T10:34:27Z"}}, {"model": "token_blacklist.outstandingtoken", "pk": 21, "fields": {"user": 1, "jti": "4c0973bdb94d46d6826446607e373b8d", "token": "eyJhbGciOiJIUzI1NiIsInR5cCI6IkpXVCJ9.eyJ0b2tlbl90eXBlIjoicmVmcmVzaCIsImV4cCI6MTY5MzQ4MDE1MSwiaWF0IjoxNjg1NzA0MTUxLCJqdGkiOiI0YzA5NzNiZGI5NGQ0NmQ2ODI2NDQ2NjA3ZTM3M2I4ZCIsInVzZXJfaWQiOjF9.joOEuywcuKqkJHgBLgI6Js42gij9MST5bE-VZ5MVC2E", "created_at": "2023-06-02T11:09:11.469Z", "expires_at": "2023-08-31T11:09:11Z"}}, {"model": "token_blacklist.outstandingtoken", "pk": 22, "fields": {"user": 1, "jti": "852d2878fc19463694c395949fb87456", "token": "eyJhbGciOiJIUzI1NiIsInR5cCI6IkpXVCJ9.eyJ0b2tlbl90eXBlIjoicmVmcmVzaCIsImV4cCI6MTY5MzQ4MDUyNywiaWF0IjoxNjg1NzA0NTI3LCJqdGkiOiI4NTJkMjg3OGZjMTk0NjM2OTRjMzk1OTQ5ZmI4NzQ1NiIsInVzZXJfaWQiOjF9.kzWzIP9kmLAcef3R_H9iNmM9M-HQeJtLNFwObPwZvOQ", "created_at": "2023-06-02T11:15:27.567Z", "expires_at": "2023-08-31T11:15:27Z"}}, {"model": "token_blacklist.outstandingtoken", "pk": 23, "fields": {"user": 1, "jti": "778fef56cc164e928778fff69949a0e0", "token": "eyJhbGciOiJIUzI1NiIsInR5cCI6IkpXVCJ9.eyJ0b2tlbl90eXBlIjoicmVmcmVzaCIsImV4cCI6MTY5MzQ4MTYyMywiaWF0IjoxNjg1NzA1NjIzLCJqdGkiOiI3NzhmZWY1NmNjMTY0ZTkyODc3OGZmZjY5OTQ5YTBlMCIsInVzZXJfaWQiOjF9.YosxfzAkHndwUtm0w6s2nhANE2mpv-0odGh5jWgNor8", "created_at": "2023-06-02T11:33:43.705Z", "expires_at": "2023-08-31T11:33:43Z"}}, {"model": "token_blacklist.outstandingtoken", "pk": 24, "fields": {"user": null, "jti": "3c8de8d4bb8a476896878d1f8905c17b", "token": "eyJhbGciOiJIUzI1NiIsInR5cCI6IkpXVCJ9.eyJ0b2tlbl90eXBlIjoicmVmcmVzaCIsImV4cCI6MTY5MzQ4OTQ4MCwiaWF0IjoxNjg1NzEzNDgwLCJqdGkiOiIzYzhkZThkNGJiOGE0NzY4OTY4NzhkMWY4OTA1YzE3YiIsInVzZXJfaWQiOjJ9.Ymicf20WnXbG7XBBZg14mwyJ66JN7k0T6RwvNb-m9O0", "created_at": "2023-06-02T13:44:40.943Z", "expires_at": "2023-08-31T13:44:40Z"}}, {"model": "token_blacklist.outstandingtoken", "pk": 25, "fields": {"user": 1, "jti": "a704c5f57ec64c8891eef4b2f364c414", "token": "eyJhbGciOiJIUzI1NiIsInR5cCI6IkpXVCJ9.eyJ0b2tlbl90eXBlIjoicmVmcmVzaCIsImV4cCI6MTY5MzQ5MDA1MiwiaWF0IjoxNjg1NzE0MDUyLCJqdGkiOiJhNzA0YzVmNTdlYzY0Yzg4OTFlZWY0YjJmMzY0YzQxNCIsInVzZXJfaWQiOjF9.gPYAu311JQteZTk9UIJ1Qtz78d2kmTDs0aXnQ8iXVS0", "created_at": "2023-06-02T13:54:12.911Z", "expires_at": "2023-08-31T13:54:12Z"}}, {"model": "token_blacklist.outstandingtoken", "pk": 26, "fields": {"user": 1, "jti": "4e2115aef91647529734f626f32ccbea", "token": "eyJhbGciOiJIUzI1NiIsInR5cCI6IkpXVCJ9.eyJ0b2tlbl90eXBlIjoicmVmcmVzaCIsImV4cCI6MTY5MzQ5MDQwMSwiaWF0IjoxNjg1NzE0NDAxLCJqdGkiOiI0ZTIxMTVhZWY5MTY0NzUyOTczNGY2MjZmMzJjY2JlYSIsInVzZXJfaWQiOjF9.5DbYsa-7mTsgQsM0tioBMsV8ViPDOUhpWRkpUqv6a0o", "created_at": "2023-06-02T14:00:01.771Z", "expires_at": "2023-08-31T14:00:01Z"}}, {"model": "token_blacklist.outstandingtoken", "pk": 27, "fields": {"user": 1, "jti": "a8a22e16b6e1467d91acf32151cb87a9", "token": "eyJhbGciOiJIUzI1NiIsInR5cCI6IkpXVCJ9.eyJ0b2tlbl90eXBlIjoicmVmcmVzaCIsImV4cCI6MTY5MzUwOTU3NywiaWF0IjoxNjg1NzMzNTc3LCJqdGkiOiJhOGEyMmUxNmI2ZTE0NjdkOTFhY2YzMjE1MWNiODdhOSIsInVzZXJfaWQiOjF9.ZZHnFDdldap-6BqhEkv1yJOPidqR8gZKUbr7AgDT8ik", "created_at": "2023-06-02T19:19:37.373Z", "expires_at": "2023-08-31T19:19:37Z"}}, {"model": "token_blacklist.outstandingtoken", "pk": 28, "fields": {"user": 1, "jti": "601fcdcaa6c74285ab2a2e0a3624181e", "token": "eyJhbGciOiJIUzI1NiIsInR5cCI6IkpXVCJ9.eyJ0b2tlbl90eXBlIjoicmVmcmVzaCIsImV4cCI6MTY5MzU0NjQ1MSwiaWF0IjoxNjg1NzcwNDUxLCJqdGkiOiI2MDFmY2RjYWE2Yzc0Mjg1YWIyYTJlMGEzNjI0MTgxZSIsInVzZXJfaWQiOjF9.4rpjIVfHSJC7OISCj3nXAczswBbf3iR5bZM-PizkpaM", "created_at": "2023-06-03T05:34:11.854Z", "expires_at": "2023-09-01T05:34:11Z"}}, {"model": "token_blacklist.outstandingtoken", "pk": 29, "fields": {"user": 1, "jti": "7955f4d13cd044ebbd1fb6a61b252c2e", "token": "eyJhbGciOiJIUzI1NiIsInR5cCI6IkpXVCJ9.eyJ0b2tlbl90eXBlIjoicmVmcmVzaCIsImV4cCI6MTY5MzU3NTkzOSwiaWF0IjoxNjg1Nzk5OTM5LCJqdGkiOiI3OTU1ZjRkMTNjZDA0NGViYmQxZmI2YTYxYjI1MmMyZSIsInVzZXJfaWQiOjF9.Pjrbb4PAdCtzum0_e_isnoeZi9RoLpo1SoQbToQDlFg", "created_at": "2023-06-03T13:45:39.611Z", "expires_at": "2023-09-01T13:45:39Z"}}, {"model": "token_blacklist.outstandingtoken", "pk": 30, "fields": {"user": 1, "jti": "2eef1c5d3d1f4eb3a7b94c346484c1c6", "token": "eyJhbGciOiJIUzI1NiIsInR5cCI6IkpXVCJ9.eyJ0b2tlbl90eXBlIjoicmVmcmVzaCIsImV4cCI6MTY5MzY4MjQyMiwiaWF0IjoxNjg1OTA2NDIyLCJqdGkiOiIyZWVmMWM1ZDNkMWY0ZWIzYTdiOTRjMzQ2NDg0YzFjNiIsInVzZXJfaWQiOjF9.drls_BLcoQajP0PlTWlqheULH_fAP-47ptnRcClLOX8", "created_at": "2023-06-04T19:20:22.141Z", "expires_at": "2023-09-02T19:20:22Z"}}, {"model": "token_blacklist.outstandingtoken", "pk": 31, "fields": {"user": 1, "jti": "5aa0d9e36c65481e96fc1508d3aad7ce", "token": "eyJhbGciOiJIUzI1NiIsInR5cCI6IkpXVCJ9.eyJ0b2tlbl90eXBlIjoicmVmcmVzaCIsImV4cCI6MTY5MzczOTY4NywiaWF0IjoxNjg1OTYzNjg3LCJqdGkiOiI1YWEwZDllMzZjNjU0ODFlOTZmYzE1MDhkM2FhZDdjZSIsInVzZXJfaWQiOjF9.5RWxHQtMlPzP6PV3QUea4HFJrEkR0V5E9_TQbGhHYns", "created_at": "2023-06-05T11:14:47.282Z", "expires_at": "2023-09-03T11:14:47Z"}}, {"model": "token_blacklist.outstandingtoken", "pk": 32, "fields": {"user": 1, "jti": "4adc344767b54aed9068557b471105df", "token": "eyJhbGciOiJIUzI1NiIsInR5cCI6IkpXVCJ9.eyJ0b2tlbl90eXBlIjoicmVmcmVzaCIsImV4cCI6MTY5Mzc0MTMyMSwiaWF0IjoxNjg1OTY1MzIxLCJqdGkiOiI0YWRjMzQ0NzY3YjU0YWVkOTA2ODU1N2I0NzExMDVkZiIsInVzZXJfaWQiOjF9.EsxD2HlGO80Yf0yb0QXsCQ9Z1FiKHSyfOFffGFXIH04", "created_at": "2023-06-05T11:42:01.017Z", "expires_at": "2023-09-03T11:42:01Z"}}, {"model": "token_blacklist.outstandingtoken", "pk": 33, "fields": {"user": 1, "jti": "480d937d7f0c4d13b57c5a6611f783a3", "token": "eyJhbGciOiJIUzI1NiIsInR5cCI6IkpXVCJ9.eyJ0b2tlbl90eXBlIjoicmVmcmVzaCIsImV4cCI6MTY5Mzc0MTUzMywiaWF0IjoxNjg1OTY1NTMzLCJqdGkiOiI0ODBkOTM3ZDdmMGM0ZDEzYjU3YzVhNjYxMWY3ODNhMyIsInVzZXJfaWQiOjF9.njmKjbq6sEPigyHA-MriuXAA2b7W4BwMjRxJylcs5Ic", "created_at": "2023-06-05T11:45:33.673Z", "expires_at": "2023-09-03T11:45:33Z"}}, {"model": "token_blacklist.outstandingtoken", "pk": 34, "fields": {"user": 1, "jti": "410224c3b16b412c901708a1fa7b04f3", "token": "eyJhbGciOiJIUzI1NiIsInR5cCI6IkpXVCJ9.eyJ0b2tlbl90eXBlIjoicmVmcmVzaCIsImV4cCI6MTY5Mzc0MTU0MywiaWF0IjoxNjg1OTY1NTQzLCJqdGkiOiI0MTAyMjRjM2IxNmI0MTJjOTAxNzA4YTFmYTdiMDRmMyIsInVzZXJfaWQiOjF9.FXVvxXcQ4L5LKrqM1itpe8ovFq-n_89hCBb0OzQNxg0", "created_at": "2023-06-05T11:45:43.369Z", "expires_at": "2023-09-03T11:45:43Z"}}, {"model": "token_blacklist.outstandingtoken", "pk": 35, "fields": {"user": 1, "jti": "a56326beb5354c32925ec556be4fc84d", "token": "eyJhbGciOiJIUzI1NiIsInR5cCI6IkpXVCJ9.eyJ0b2tlbl90eXBlIjoicmVmcmVzaCIsImV4cCI6MTY5Mzc0MTU3OSwiaWF0IjoxNjg1OTY1NTc5LCJqdGkiOiJhNTYzMjZiZWI1MzU0YzMyOTI1ZWM1NTZiZTRmYzg0ZCIsInVzZXJfaWQiOjF9.XzIWULwh_g0Rlraw-pmu0TIyUkn8zN695HkhcUP-Ir8", "created_at": "2023-06-05T11:46:19.072Z", "expires_at": "2023-09-03T11:46:19Z"}}, {"model": "token_blacklist.outstandingtoken", "pk": 36, "fields": {"user": 1, "jti": "b4d14d1ab2a8485384fdbe2b8078c283", "token": "eyJhbGciOiJIUzI1NiIsInR5cCI6IkpXVCJ9.eyJ0b2tlbl90eXBlIjoicmVmcmVzaCIsImV4cCI6MTY5Mzc1NzAwOCwiaWF0IjoxNjg1OTgxMDA4LCJqdGkiOiJiNGQxNGQxYWIyYTg0ODUzODRmZGJlMmI4MDc4YzI4MyIsInVzZXJfaWQiOjF9.-QCEgfKZ0R1dpA-uMILm2IGjKaHxHn3rtU03A57KAmg", "created_at": "2023-06-05T16:03:28.988Z", "expires_at": "2023-09-03T16:03:28Z"}}, {"model": "token_blacklist.outstandingtoken", "pk": 37, "fields": {"user": 1, "jti": "3a0cbe71004c461091a0d075d138e5f1", "token": "eyJhbGciOiJIUzI1NiIsInR5cCI6IkpXVCJ9.eyJ0b2tlbl90eXBlIjoicmVmcmVzaCIsImV4cCI6MTY5MzgzMDY3MiwiaWF0IjoxNjg2MDU0NjcyLCJqdGkiOiIzYTBjYmU3MTAwNGM0NjEwOTFhMGQwNzVkMTM4ZTVmMSIsInVzZXJfaWQiOjF9.i2hc7F_gMHoIBWPAHepo3IHtZchCHXCpcOSvDxEM_GY", "created_at": "2023-06-06T12:31:12.575Z", "expires_at": "2023-09-04T12:31:12Z"}}, {"model": "token_blacklist.outstandingtoken", "pk": 38, "fields": {"user": 1, "jti": "595c4358d3f644a0a5e207ffcc3c659a", "token": "eyJhbGciOiJIUzI1NiIsInR5cCI6IkpXVCJ9.eyJ0b2tlbl90eXBlIjoicmVmcmVzaCIsImV4cCI6MTY5NDAwOTYzNywiaWF0IjoxNjg2MjMzNjM3LCJqdGkiOiI1OTVjNDM1OGQzZjY0NGEwYTVlMjA3ZmZjYzNjNjU5YSIsInVzZXJfaWQiOjF9.ixTCQxgrcMX0irQO9ss8AH3Vov5LnEy0VWP35aRkDzE", "created_at": "2023-06-08T14:13:57.039Z", "expires_at": "2023-09-06T14:13:57Z"}}, {"model": "token_blacklist.outstandingtoken", "pk": 39, "fields": {"user": 1, "jti": "cda3ee31de8744fcb35a959ce7a56a1c", "token": "eyJhbGciOiJIUzI1NiIsInR5cCI6IkpXVCJ9.eyJ0b2tlbl90eXBlIjoicmVmcmVzaCIsImV4cCI6MTY5NDA4OTc0NCwiaWF0IjoxNjg2MzEzNzQ0LCJqdGkiOiJjZGEzZWUzMWRlODc0NGZjYjM1YTk1OWNlN2E1NmExYyIsInVzZXJfaWQiOjF9.KM663ASc4KodFIFZsaIqpC-sYdQLsM6ScLRl7AHUkOA", "created_at": "2023-06-09T12:29:04.398Z", "expires_at": "2023-09-07T12:29:04Z"}}, {"model": "token_blacklist.outstandingtoken", "pk": 40, "fields": {"user": 1, "jti": "66030567ffbf491fb68cf6e077bf7545", "token": "eyJhbGciOiJIUzI1NiIsInR5cCI6IkpXVCJ9.eyJ0b2tlbl90eXBlIjoicmVmcmVzaCIsImV4cCI6MTY5NDM1MDc5MCwiaWF0IjoxNjg2NTc0NzkwLCJqdGkiOiI2NjAzMDU2N2ZmYmY0OTFmYjY4Y2Y2ZTA3N2JmNzU0NSIsInVzZXJfaWQiOjF9.5xv5-KIG-FkeTHa80I2qLjLUHp64ry9Ov265HZVQYgk", "created_at": "2023-06-12T12:59:50.071Z", "expires_at": "2023-09-10T12:59:50Z"}}, {"model": "token_blacklist.outstandingtoken", "pk": 41, "fields": {"user": 1, "jti": "09bcff20615544daa1774b2f04e6353b", "token": "eyJhbGciOiJIUzI1NiIsInR5cCI6IkpXVCJ9.eyJ0b2tlbl90eXBlIjoicmVmcmVzaCIsImV4cCI6MTY5NDM1MDg4NiwiaWF0IjoxNjg2NTc0ODg2LCJqdGkiOiIwOWJjZmYyMDYxNTU0NGRhYTE3NzRiMmYwNGU2MzUzYiIsInVzZXJfaWQiOjF9.DrkfCsn6Rl8YMwKcweh0jWm9ZUAC7UcoLW11ypsPc0c", "created_at": "2023-06-12T13:01:26.983Z", "expires_at": "2023-09-10T13:01:26Z"}}, {"model": "token_blacklist.blacklistedtoken", "pk": 1, "fields": {"token": 23, "blacklisted_at": "2023-06-02T13:43:49.784Z"}}, {"model": "token_blacklist.blacklistedtoken", "pk": 2, "fields": {"token": 24, "blacklisted_at": "2023-06-02T13:52:44.433Z"}}, {"model": "token_blacklist.blacklistedtoken", "pk": 3, "fields": {"token": 25, "blacklisted_at": "2023-06-02T13:59:54.751Z"}}, {"model": "token_blacklist.blacklistedtoken", "pk": 4, "fields": {"token": 26, "blacklisted_at": "2023-06-02T15:30:10.138Z"}}, {"model": "token_blacklist.blacklistedtoken", "pk": 5, "fields": {"token": 1, "blacklisted_at": "2023-06-02T19:19:20.422Z"}}, {"model": "token_blacklist.blacklistedtoken", "pk": 6, "fields": {"token": 2, "blacklisted_at": "2023-06-02T19:19:20.440Z"}}, {"model": "token_blacklist.blacklistedtoken", "pk": 7, "fields": {"token": 3, "blacklisted_at": "2023-06-02T19:19:20.449Z"}}, {"model": "token_blacklist.blacklistedtoken", "pk": 8, "fields": {"token": 4, "blacklisted_at": "2023-06-02T19:19:20.457Z"}}, {"model": "token_blacklist.blacklistedtoken", "pk": 9, "fields": {"token": 5, "blacklisted_at": "2023-06-02T19:19:20.466Z"}}, {"model": "token_blacklist.blacklistedtoken", "pk": 10, "fields": {"token": 6, "blacklisted_at": "2023-06-02T19:19:20.474Z"}}, {"model": "token_blacklist.blacklistedtoken", "pk": 11, "fields": {"token": 7, "blacklisted_at": "2023-06-02T19:19:20.483Z"}}, {"model": "token_blacklist.blacklistedtoken", "pk": 12, "fields": {"token": 8, "blacklisted_at": "2023-06-02T19:19:20.492Z"}}, {"model": "token_blacklist.blacklistedtoken", "pk": 13, "fields": {"token": 9, "blacklisted_at": "2023-06-02T19:19:20.501Z"}}, {"model": "token_blacklist.blacklistedtoken", "pk": 14, "fields": {"token": 10, "blacklisted_at": "2023-06-02T19:19:20.509Z"}}, {"model": "token_blacklist.blacklistedtoken", "pk": 15, "fields": {"token": 11, "blacklisted_at": "2023-06-02T19:19:20.519Z"}}, {"model": "token_blacklist.blacklistedtoken", "pk": 16, "fields": {"token": 12, "blacklisted_at": "2023-06-02T19:19:20.527Z"}}, {"model": "token_blacklist.blacklistedtoken", "pk": 17, "fields": {"token": 13, "blacklisted_at": "2023-06-02T19:19:20.541Z"}}, {"model": "token_blacklist.blacklistedtoken", "pk": 18, "fields": {"token": 14, "blacklisted_at": "2023-06-02T19:19:20.549Z"}}, {"model": "token_blacklist.blacklistedtoken", "pk": 19, "fields": {"token": 15, "blacklisted_at": "2023-06-02T19:19:20.557Z"}}, {"model": "token_blacklist.blacklistedtoken", "pk": 20, "fields": {"token": 16, "blacklisted_at": "2023-06-02T19:19:20.565Z"}}, {"model": "token_blacklist.blacklistedtoken", "pk": 21, "fields": {"token": 17, "blacklisted_at": "2023-06-02T19:19:20.572Z"}}, {"model": "token_blacklist.blacklistedtoken", "pk": 22, "fields": {"token": 18, "blacklisted_at": "2023-06-02T19:19:20.581Z"}}, {"model": "token_blacklist.blacklistedtoken", "pk": 23, "fields": {"token": 19, "blacklisted_at": "2023-06-02T19:19:20.591Z"}}, {"model": "token_blacklist.blacklistedtoken", "pk": 24, "fields": {"token": 20, "blacklisted_at": "2023-06-02T19:19:20.599Z"}}, {"model": "token_blacklist.blacklistedtoken", "pk": 25, "fields": {"token": 21, "blacklisted_at": "2023-06-02T19:19:20.607Z"}}, {"model": "token_blacklist.blacklistedtoken", "pk": 26, "fields": {"token": 22, "blacklisted_at": "2023-06-02T19:19:20.615Z"}}, {"model": "token_blacklist.blacklistedtoken", "pk": 27, "fields": {"token": 27, "blacklisted_at": "2023-06-03T05:34:03.026Z"}}, {"model": "token_blacklist.blacklistedtoken", "pk": 28, "fields": {"token": 31, "blacklisted_at": "2023-06-05T11:15:51.879Z"}}, {"model": "token_blacklist.blacklistedtoken", "pk": 29, "fields": {"token": 28, "blacklisted_at": "2023-06-05T11:41:52.227Z"}}, {"model": "token_blacklist.blacklistedtoken", "pk": 30, "fields": {"token": 29, "blacklisted_at": "2023-06-05T11:41:52.237Z"}}, {"model": "token_blacklist.blacklistedtoken", "pk": 31, "fields": {"token": 30, "blacklisted_at": "2023-06-05T11:41:52.246Z"}}, {"model": "token_blacklist.blacklistedtoken", "pk": 32, "fields": {"token": 32, "blacklisted_at": "2023-06-05T11:45:28.106Z"}}, {"model": "token_blacklist.blacklistedtoken", "pk": 33, "fields": {"token": 33, "blacklisted_at": "2023-06-05T11:45:38.706Z"}}, {"model": "token_blacklist.blacklistedtoken", "pk": 34, "fields": {"token": 34, "blacklisted_at": "2023-06-05T11:45:54.809Z"}}, {"model": "token_blacklist.blacklistedtoken", "pk": 35, "fields": {"token": 35, "blacklisted_at": "2023-06-05T11:48:10.389Z"}}, {"model": "website_banner.sitebanner", "pk": 1, "fields": {"position": "BANNER", "title": "test", "image": "images/banner/hJ7kbyrE1YHCRfzeMl6XdWL9CVJAUc.webp", "image_alt": "test", "url": "https://advie.vercel.app/", "order": 1, "is_active": true, "date_created": "2023-06-14T20:41:50.216Z", "date_updated": "2023-06-15T08:13:57.930Z"}}, {"model": "website_banner.sitebanner", "pk": 3, "fields": {"position": "BANNER", "title": "tet", "image": "images/banner/DWugwJGsAchtechZVxqzJDwRbMIOXg.webp", "image_alt": "wfafwa", "url": "https://nuxt-rakafa.iran.liara.run/", "order": 1, "is_active": true, "date_created": "2023-06-03T19:32:05.793Z", "date_updated": "2023-06-15T08:15:01.297Z"}}, {"model": "website_banner.sitebanner", "pk": 4, "fields": {"position": "SLIDER", "title": "main", "image": "images/banner/3MIR6DL1qhENPu0w484DWZRzcPuYxz.webp", "image_alt": "Main Banner", "url": "http://localhost:3000/", "order": 1, "is_active": true, "date_created": "2023-06-03T19:42:14.489Z", "date_updated": "2023-06-15T08:08:03.700Z"}}, {"model": "website_banner.sitebanner", "pk": 5, "fields": {"position": "SLIDER", "title": "Anoter", "image": "images/banner/h0Qw4z9xVnqKfgUXUp5jusxpvFSjYl.webp", "image_alt": "test", "url": "http://localhost:3000/", "order": 2, "is_active": true, "date_created": "2023-06-03T19:42:43.037Z", "date_updated": "2023-06-15T08:37:34.503Z"}}, {"model": "user_management.user", "pk": 1, "fields": {"password": "pbkdf2_sha256$600000$nsiQB5rg4BZVNk5QTWtM4k$gk/GE1JI8jOHNB7CUCapwzJAzYFJ7gm/6WZDO3a/vAU=", "last_login": "2023-06-15T07:08:23Z", "is_superuser": true, "username": "09981879975", "first_name": "تایماز", "last_name": "اکبری", "is_staff": true, "is_active": true, "date_joined": "2023-06-01T14:09:48.080Z", "profile": "images/profile/WpC1n6csEXDrVDlHQANeISrKzEZkxB.webp", "email": "taymazak1382@gmail.com", "phone": "09981879975", "national_code": "1660617332", "verified": false, "forgot_password_token": "884240e3-8e30-4af6-b24d-5b6cdd78674a", "groups": [], "user_permissions": []}}, {"model": "order_management.order", "pk": 8, "fields": {"user": 1, "payment_status": "پرداخت نشده", "status": null, "coupon": null, "shipping": null, "address": null, "tracking_code": null, "coupon_effect_price": 0, "shipping_effect_price": 0, "date_ordered": null, "date_shipped": null, "date_delivered": null, "date_created": "2023-06-12T13:33:24.421Z", "date_updated": "2023-06-12T13:33:24.422Z"}}, {"model": "order_management.orderitem", "pk": 8, "fields": {"order": 8, "product": 10, "variant": 13, "count": 2, "final_price": null, "final_price_before_discount": null, "final_discount": null, "final_profit": null}}, {"model": "order_management.orderitem", "pk": 10, "fields": {"order": 8, "product": 12, "variant": 15, "count": 1, "final_price": null, "final_price_before_discount": null, "final_discount": null, "final_profit": null}}, {"model": "order_management.orderitem", "pk": 11, "fields": {"order": 8, "product": 11, "variant": 14, "count": 2, "final_price": null, "final_price_before_discount": null, "final_discount": null, "final_profit": null}}, {"model": "product_management.varianttype", "pk": 1, "fields": {"title_ir": "وزن", "title_en": "weight", "select_style": "RADIO", "is_none": false}}, {"model": "product_management.product", "pk": 1, "fields": {"image": "images/product/NjuzXgTg8grXe2gRJ5gxbYxTuuZXFd.webp", "title_ir": "دارچین", "title_en": "Cinnamon", "slug": "cinnamon", "sku": 22571, "description": "", "variant_type": 1, "is_active": true, "date_created": "2023-06-03T11:37:10.302Z", "date_updated": "2023-06-15T06:54:30.844Z", "category": [2, 6]}}, {"model": "product_management.product", "pk": 2, "fields": {"image": "images/product/ydhUq7jI8buZ52CvYEBJlnUIntpLBU.webp", "title_ir": "پوست پرتقال", "title_en": "orange peel", "slug": "orange-peel", "sku": 68511, "description": "", "variant_type": 1, "is_active": true, "date_created": "2023-06-03T12:14:31.783Z", "date_updated": "2023-06-15T06:54:01.547Z", "category": [2, 6]}}, {"model": "product_management.product", "pk": 3, "fields": {"image": "images/product/PJHKLIE9o0PTFYqwS0EuNdMIPNlMbJ.webp", "title_ir": "فلفل سیاه", "title_en": "Black pepper", "slug": "black-pepper", "sku": 89193, "description": "", "variant_type": 1, "is_active": true, "date_created": "2023-06-03T12:15:28.467Z", "date_updated": "2023-06-15T06:53:30.540Z", "category": [1, 4]}}, {"model": "product_management.product", "pk": 4, "fields": {"image": "images/product/sME1fQzKNkHsZZiEO4mVCXTLHn05sG.webp", "title_ir": "زعفران", "title_en": "Saffron", "slug": "saffron", "sku": 69478, "description": "", "variant_type": 1, "is_active": true, "date_created": "2023-06-03T12:15:58.147Z", "date_updated": "2023-06-15T06:52:48.310Z", "category": [1, 4]}}, {"model": "product_management.product", "pk": 5, "fields": {"image": "images/product/a4H4hdXf1n8G3eU2KpALrqV9TXX1dJ.webp", "title_ir": "زنجبیل", "title_en": "Ginger", "slug": "ginger", "sku": 97721, "description": "", "variant_type": 1, "is_active": true, "date_created": "2023-06-03T12:16:32.995Z", "date_updated": "2023-06-15T06:52:05.135Z", "category": [3, 8]}}, {"model": "product_management.product", "pk": 6, "fields": {"image": "images/product/j8oT5I5atHEbCycTustNZ6iZ3BbI9v.webp", "title_ir": "آویشن", "title_en": "Thyme", "slug": "thyme", "sku": 56876, "description": "", "variant_type": 1, "is_active": true, "date_created": "2023-06-03T12:17:10.354Z", "date_updated": "2023-06-15T06:51:33.362Z", "category": [3, 8]}}, {"model": "product_management.product", "pk": 7, "fields": {"image": "images/product/Bw3jv1YIFwIt6QmchVrMUYuvb5ymCA.webp", "title_ir": "کنجد", "title_en": "Sesame", "slug": "sesame", "sku": 42785, "description": "", "variant_type": 1, "is_active": true, "date_created": "2023-06-03T12:17:49.726Z", "date_updated": "2023-06-15T06:50:47.585Z", "category": [3, 9]}}, {"model": "product_management.product", "pk": 8, "fields": {"image": "images/product/RpxahUibVPKZ3mpbEsAAl6T0hGSVfy.webp", "title_ir": "دانه های لین", "title_en": "Linseeds", "slug": "linseeds", "sku": 72460, "description": "", "variant_type": 1, "is_active": true, "date_created": "2023-06-03T12:18:52.052Z", "date_updated": "2023-06-15T07:10:58.260Z", "category": [3, 9]}}, {"model": "product_management.product", "pk": 9, "fields": {"image": "images/product/OcQoB15eVK3c0I2ZJRLkrLGI8benk4.webp", "title_ir": "زردچوبه", "title_en": "Turmeric", "slug": "turmeric", "sku": 72486, "description": "", "variant_type": 1, "is_active": true, "date_created": "2023-06-03T12:19:14.187Z", "date_updated": "2023-06-15T06:48:12.247Z", "category": [1, 5]}}, {"model": "product_management.product", "pk": 10, "fields": {"image": "images/product/uBvjD8P4frZeiTbHlxUBOGS1TI3BHg.webp", "title_ir": "رازیانه رازیانه رازیانه رازیانه رازیانه رازیانه رازیانه رازیانه رازیانه رازیانه رازیانه", "title_en": "fennel", "slug": "fennel", "sku": 14694, "description": "", "variant_type": 1, "is_active": true, "date_created": "2023-06-03T12:19:40.104Z", "date_updated": "2023-06-15T06:47:40.193Z", "category": [1, 5]}}, {"model": "product_management.product", "pk": 11, "fields": {"image": "images/product/SkYBWssqXRTrbx04pjGO9XItS6ATD0.webp", "title_ir": "کارداموم", "title_en": "Cardamom", "slug": "cardamom", "sku": 63572, "description": "", "variant_type": 1, "is_active": true, "date_created": "2023-06-03T12:20:02.784Z", "date_updated": "2023-06-15T06:46:46.234Z", "category": [2, 7]}}, {"model": "product_management.product", "pk": 12, "fields": {"image": "images/product/aq08U6Sf8Bbiu2F4n0Nio2DLlz0rKI.webp", "title_ir": "نیم دانه خردل", "title_en": "Half mustard seed", "slug": "half-mustard-seed", "sku": 81238, "description": "", "variant_type": 1, "is_active": true, "date_created": "2023-06-03T12:20:41.881Z", "date_updated": "2023-06-15T06:46:11.815Z", "category": [2, 7]}}, {"model": "product_management.variantprefix", "pk": 1, "fields": {"name": "کیلو گرم"}}, {"model": "product_management.variantprefix", "pk": 2, "fields": {"name": "گرم"}}, {"model": "product_management.variantvalue", "pk": 1, "fields": {"type": 1, "value": "1", "prefix": 1, "color_code": null}}, {"model": "product_management.variantvalue", "pk": 2, "fields": {"type": 1, "value": "100", "prefix": 2, "color_code": null}}, {"model": "product_management.variantvalue", "pk": 3, "fields": {"type": 1, "value": "500", "prefix": 2, "color_code": null}}, {"model": "product_management.variantvalue", "pk": 4, "fields": {"type": 1, "value": "2", "prefix": 1, "color_code": null}}, {"model": "product_management.productvariant", "pk": 1, "fields": {"product": 1, "type": 1, "value": 1, "price": 12000000, "special_price": 10000000, "special_price_start_date": "2023-06-06T20:08:14.083Z", "special_price_end_date": "2023-06-06T20:08:14.068Z", "stock": 6, "order": 1, "is_active": true}}, {"model": "product_management.productvariant", "pk": 2, "fields": {"product": 2, "type": 1, "value": 2, "price": 500000, "special_price": null, "special_price_start_date": "2023-06-06T20:08:14.083Z", "special_price_end_date": "2023-06-06T20:08:14.068Z", "stock": 7, "order": 1, "is_active": true}}, {"model": "product_management.productvariant", "pk": 3, "fields": {"product": 2, "type": 1, "value": 1, "price": 5000000, "special_price": 3000000, "special_price_start_date": "2023-06-06T20:08:14.083Z", "special_price_end_date": "2023-06-06T20:08:14.068Z", "stock": 5, "order": 1, "is_active": true}}, {"model": "product_management.productvariant", "pk": 4, "fields": {"product": 3, "type": 1, "value": 2, "price": 100000, "special_price": 50000, "special_price_start_date": "2023-06-06T20:08:14.083Z", "special_price_end_date": "2023-06-06T20:08:14.068Z", "stock": 2, "order": 1, "is_active": true}}, {"model": "product_management.productvariant", "pk": 5, "fields": {"product": 3, "type": 1, "value": 2, "price": 200000, "special_price": null, "special_price_start_date": "2023-06-06T20:08:14.083Z", "special_price_end_date": "2023-06-06T20:08:14.068Z", "stock": 0, "order": 1, "is_active": true}}, {"model": "product_management.productvariant", "pk": 6, "fields": {"product": 4, "type": 1, "value": 1, "price": 5000000, "special_price": null, "special_price_start_date": "2023-06-06T20:08:14.083Z", "special_price_end_date": "2023-06-06T20:08:14.068Z", "stock": 5, "order": 1, "is_active": true}}, {"model": "product_management.productvariant", "pk": 7, "fields": {"product": 4, "type": 1, "value": 2, "price": 8000000, "special_price": null, "special_price_start_date": "2023-06-06T20:08:14.083Z", "special_price_end_date": "2023-06-06T20:08:14.068Z", "stock": 5, "order": 1, "is_active": true}}, {"model": "product_management.productvariant", "pk": 8, "fields": {"product": 5, "type": 1, "value": 1, "price": 30000, "special_price": 20000, "special_price_start_date": "2023-06-06T20:08:14.083Z", "special_price_end_date": "2023-06-06T20:08:14.068Z", "stock": 5, "order": 1, "is_active": true}}, {"model": "product_management.productvariant", "pk": 9, "fields": {"product": 6, "type": 1, "value": 1, "price": 30000, "special_price": 4000, "special_price_start_date": "2023-06-06T20:08:14.083Z", "special_price_end_date": "2023-06-06T20:08:14.068Z", "stock": 4, "order": 1, "is_active": true}}, {"model": "product_management.productvariant", "pk": 10, "fields": {"product": 7, "type": 1, "value": 1, "price": 10900000, "special_price": 10200000, "special_price_start_date": "2023-06-06T20:08:14.083Z", "special_price_end_date": "2023-06-06T20:08:14.068Z", "stock": 4, "order": 1, "is_active": true}}, {"model": "product_management.productvariant", "pk": 11, "fields": {"product": 8, "type": 1, "value": 2, "price": 5000000, "special_price": null, "special_price_start_date": "2023-06-06T20:08:14.083Z", "special_price_end_date": "2023-06-06T20:08:14.068Z", "stock": 6, "order": 1, "is_active": true}}, {"model": "product_management.productvariant", "pk": 12, "fields": {"product": 9, "type": 1, "value": 2, "price": 40000, "special_price": 30000, "special_price_start_date": "2023-06-09T11:04:28Z", "special_price_end_date": "2023-06-09T11:55:34Z", "stock": 3, "order": 1, "is_active": true}}, {"model": "product_management.productvariant", "pk": 13, "fields": {"product": 10, "type": 1, "value": 1, "price": 1000000, "special_price": 900000, "special_price_start_date": "2023-06-08T10:30:33Z", "special_price_end_date": "2023-06-09T12:30:38Z", "stock": 7, "order": 3, "is_active": true}}, {"model": "product_management.productvariant", "pk": 14, "fields": {"product": 11, "type": 1, "value": 2, "price": 3780000, "special_price": null, "special_price_start_date": null, "special_price_end_date": null, "stock": 3, "order": 1, "is_active": true}}, {"model": "product_management.productvariant", "pk": 15, "fields": {"product": 12, "type": 1, "value": 2, "price": 210000, "special_price": 110000, "special_price_start_date": "2023-06-06T20:08:14.083Z", "special_price_end_date": "2023-06-06T20:08:14.068Z", "stock": 3, "order": 1, "is_active": true}}, {"model": "product_management.productvariant", "pk": 16, "fields": {"product": 10, "type": 1, "value": 2, "price": 100000, "special_price": 90000, "special_price_start_date": "2023-06-08T10:46:18Z", "special_price_end_date": "2023-06-09T21:02:22Z", "stock": 3, "order": 1, "is_active": true}}, {"model": "product_management.productvariant", "pk": 17, "fields": {"product": 10, "type": 1, "value": 3, "price": 500000, "special_price": 400000, "special_price_start_date": null, "special_price_end_date": null, "stock": 0, "order": 2, "is_active": true}}, {"model": "product_management.productvariant", "pk": 18, "fields": {"product": 10, "type": 1, "value": 4, "price": 2000000, "special_price": null, "special_price_start_date": "2023-06-08T10:41:51Z", "special_price_end_date": "2023-06-09T15:41:54Z", "stock": 0, "order": 4, "is_active": true}}, {"model": "product_management.property", "pk": 1, "fields": {"name": "توضیحات محصول"}}, {"model": "product_management.property", "pk": 2, "fields": {"name": "ویژگی محصول"}}, {"model": "product_management.property", "pk": 3, "fields": {"name": "مناسب برای"}}, {"model": "product_management.productproperty", "pk": 1, "fields": {"product": 10, "property": 1, "value": "<p>گريد انرژي A - پنل VA - قابليت اتصال به اينترنت دارد - زاویه دید گسترده - میلیاردها رنگ غنی - نور پس</p>"}}, {"model": "product_management.productproperty", "pk": 2, "fields": {"product": 10, "property": 2, "value": "<p>- درمان افسردگی<br />\r\n- درمان سرماخوردگی<br />\r\n- درمان مریضی</p>"}}, {"model": "product_management.productproperty", "pk": 3, "fields": {"product": 10, "property": 3, "value": "<p>- غذا های گرم<br />\r\n- غذا های سرد</p>"}}, {"model": "category_management.category", "pk": 1, "fields": {"image": "images/category/I0NemX2mLNPZQ8ditHQvy4iMPQEXzB.webp", "title_ir": "ادویه غذا", "title_en": "spice food", "display_title": "ادویه برای غذا", "slug": "spice-food", "order": 3, "is_active": true, "parent": null, "date_created": "2023-06-03T09:45:19.709Z", "date_updated": "2023-06-15T09:53:33.520Z", "lft": 1, "rght": 6, "tree_id": 4, "level": 0}}, {"model": "category_management.category", "pk": 2, "fields": {"image": "images/category/eRouZpy6knkvrZrtrMFmUtw8DwnJCz.webp", "title_ir": "ادویه نوشیدنی", "title_en": "drink spice", "display_title": "ادویه برای نوشیدنی", "slug": "drink-spice", "order": 2, "is_active": true, "parent": null, "date_created": "2023-06-03T09:56:42.701Z", "date_updated": "2023-06-15T09:53:12.267Z", "lft": 1, "rght": 6, "tree_id": 2, "level": 0}}, {"model": "category_management.category", "pk": 3, "fields": {"image": "images/category/VaNSxLdZwuvmq7LMYQpwPrbgQuwfWf.webp", "title_ir": "ادویه دارویی", "title_en": "medicinal spice", "display_title": "ادویه دارویی", "slug": "medicinal-spice", "order": 3, "is_active": true, "parent": null, "date_created": "2023-06-03T09:57:39.575Z", "date_updated": "2023-06-15T09:53:26.486Z", "lft": 1, "rght": 6, "tree_id": 3, "level": 0}}, {"model": "category_management.category", "pk": 4, "fields": {"image": "images/category/OvPalXs3NnZDrtF522eGqDb3xJP9pM.webp", "title_ir": "ادویه گوشت ومرغ", "title_en": "spices for meat and chicken", "display_title": "ادویه برای گوشت ومرغ", "slug": "spices-for-meat-and-chicken", "order": 1, "is_active": true, "parent": 1, "date_created": "2023-06-03T09:58:34.118Z", "date_updated": "2023-06-15T06:56:03.010Z", "lft": 2, "rght": 3, "tree_id": 4, "level": 1}}, {"model": "category_management.category", "pk": 5, "fields": {"image": "images/category/Xuuhh6iWn0woJQMgJ0Qj7She7sbFl4.webp", "title_ir": "ادویه سبزیجات", "title_en": "vegetable seasoning", "display_title": "ادویه برای سبزیجات", "slug": "vegetable-seasoning", "order": 2, "is_active": true, "parent": 1, "date_created": "2023-06-03T09:59:10.277Z", "date_updated": "2023-06-15T06:56:15.056Z", "lft": 4, "rght": 5, "tree_id": 4, "level": 1}}, {"model": "category_management.category", "pk": 6, "fields": {"image": "images/category/UytId112QeixeouwJkc4LU9RdnAbuL.webp", "title_ir": "ادویه چای", "title_en": "tea spice", "display_title": "ادویه برای چای", "slug": "tea-spice", "order": 1, "is_active": true, "parent": 2, "date_created": "2023-06-03T09:59:42.576Z", "date_updated": "2023-06-15T06:55:17.451Z", "lft": 2, "rght": 3, "tree_id": 2, "level": 1}}, {"model": "category_management.category", "pk": 7, "fields": {"image": "images/category/rlhtLHSKXaslwQhc3X30OZ1Znd2sLh.webp", "title_ir": "ادویه قهوه", "title_en": "coffee spice", "display_title": "ادویه برای قهوه", "slug": "coffee-spice", "order": 1, "is_active": true, "parent": 2, "date_created": "2023-06-03T10:00:02.402Z", "date_updated": "2023-06-15T06:55:27.671Z", "lft": 4, "rght": 5, "tree_id": 2, "level": 1}}, {"model": "category_management.category", "pk": 8, "fields": {"image": "images/category/ZJIUqb8J4pcRfOg5z92R7QnojKjXjA.webp", "title_ir": "ادویه سرماخوردگی", "title_en": "cold  spice", "display_title": "ادویه برای سرماخوردگی", "slug": "cold-spice", "order": 1, "is_active": true, "parent": 3, "date_created": "2023-06-03T10:01:48.191Z", "date_updated": "2023-06-15T06:55:39.214Z", "lft": 2, "rght": 3, "tree_id": 3, "level": 1}}, {"model": "category_management.category", "pk": 9, "fields": {"image": "images/category/C4tOI0zPnShPQhsSaWTjWbHer9JUIC.webp", "title_ir": "ادویه درد مفاصل", "title_en": "spice for joint pain", "display_title": "ادویه برای درد مفاصل", "slug": "spice-for-joint-pain", "order": 2, "is_active": true, "parent": 3, "date_created": "2023-06-03T10:02:28.867Z", "date_updated": "2023-06-15T06:55:50.888Z", "lft": 4, "rght": 5, "tree_id": 3, "level": 1}}, {"model": "verification_notification.verifyotpservice", "pk": 1, "fields": {"type": "phone", "usage": "authenticate", "to": "09357679098", "code": "83371", "date_expire": "2023-06-01T18:20:31.770Z", "date_created": "2023-06-06T06:13:57.384Z", "date_updated": "2023-06-06T06:13:57.389Z"}}, {"model": "verification_notification.verifyotpservice", "pk": 5, "fields": {"type": "phone", "usage": "authenticate", "to": "09999999999", "code": "51966", "date_expire": "2023-06-02T07:14:50.479Z", "date_created": "2023-06-06T06:13:57.384Z", "date_updated": "2023-06-06T06:13:57.389Z"}}, {"model": "verification_notification.verifyotpservice", "pk": 6, "fields": {"type": "phone", "usage": "authenticate", "to": "09981879974", "code": "19171", "date_expire": "2023-06-02T07:14:57.014Z", "date_created": "2023-06-06T06:13:57.384Z", "date_updated": "2023-06-06T06:13:57.389Z"}}, {"model": "verification_notification.verifyotpservice", "pk": 8, "fields": {"type": "EMAIL", "usage": "AUTHENTICATE", "to": "tt@gmail.com", "code": "79755", "date_expire": "2023-06-02T08:01:44.278Z", "date_created": "2023-06-06T06:13:57.384Z", "date_updated": "2023-06-06T06:13:57.389Z"}}, {"model": "verification_notification.verifyotpservice", "pk": 9, "fields": {"type": "EMAIL", "usage": "AUTHENTICATE", "to": "w@gmail.com", "code": "71761", "date_expire": "2023-06-02T08:09:33.538Z", "date_created": "2023-06-06T06:13:57.384Z", "date_updated": "2023-06-06T06:13:57.389Z"}}, {"model": "verification_notification.verifyotpservice", "pk": 10, "fields": {"type": "EMAIL", "usage": "AUTHENTICATE", "to": "w@Gm.com", "code": "68710", "date_expire": "2023-06-02T08:09:44.091Z", "date_created": "2023-06-06T06:13:57.384Z", "date_updated": "2023-06-06T06:13:57.389Z"}}, {"model": "verification_notification.verifyotpservice", "pk": 11, "fields": {"type": "EMAIL", "usage": "AUTHENTICATE", "to": "w@gm.cm", "code": "38554", "date_expire": "2023-06-02T08:11:05.187Z", "date_created": "2023-06-06T06:13:57.384Z", "date_updated": "2023-06-06T06:13:57.389Z"}}, {"model": "verification_notification.verifyotpservice", "pk": 12, "fields": {"type": "EMAIL", "usage": "AUTHENTICATE", "to": "ww@gmail.com", "code": "18048", "date_expire": "2023-06-02T08:11:45.905Z", "date_created": "2023-06-06T06:13:57.384Z", "date_updated": "2023-06-06T06:13:57.389Z"}}, {"model": "verification_notification.verifyotpservice", "pk": 16, "fields": {"type": "EMAIL", "usage": "AUTHENTICATE", "to": "w@ws.s", "code": "78513", "date_expire": "2023-06-02T09:43:03.971Z", "date_created": "2023-06-06T06:13:57.384Z", "date_updated": "2023-06-06T06:13:57.389Z"}}, {"model": "verification_notification.verifyotpservice", "pk": 17, "fields": {"type": "EMAIL", "usage": "AUTHENTICATE", "to": "w@s.com", "code": "59196", "date_expire": "2023-06-02T09:44:16.834Z", "date_created": "2023-06-06T06:13:57.384Z", "date_updated": "2023-06-06T06:13:57.389Z"}}, {"model": "verification_notification.verifyotpservice", "pk": 33, "fields": {"type": "PHONE", "usage": "RESET_PASSWORD", "to": "taymazak1382@gmail.com", "code": "62212", "date_expire": "2023-06-05T11:32:26.144Z", "date_created": "2023-06-06T06:13:57.384Z", "date_updated": "2023-06-06T06:13:57.389Z"}}, {"model": "verification_notification.verifynewsletterservice", "pk": 9, "fields": {"email": "tay@gmail.com", "activate_link": "VKG99IoRSr8To82qkEyzQo5STm8zmabyp8uLZmWXMqENz1A6nGiQ8C6t4G6Pc5D8CsFnlEtPxvOiINpIBRkw6dEUZg4ZkukqD0Qp9THm1A8ldYNKdo06sVv2iJGc15SJhE7ja4VHY21E3vII2ZKUkB4FgD1uxgdQNZuThwk5sU8W7H8iaZ1bfSXHUW98kmdGuVml7XltkxbLIcRmhG8jkZ9IosfFFtlOVPZHVMXVc7kk4fnLzpzxTwZNjWK4WB3", "date_expire": "2023-06-16T14:01:02.143Z", "date_created": "2023-06-09T14:01:02.143Z", "date_updated": "2023-06-09T14:01:02.143Z"}}, {"model": "announcement_notification.newsletter", "pk": 1, "fields": {"email": "trotaymaz@gmail.com", "date_created": "2023-06-06T06:56:23.384Z", "date_updated": "2023-06-06T06:56:23.384Z"}}, {"model": "announcement_notification.newsletter", "pk": 2, "fields": {"email": "taymazak1382@gmail.com", "date_created": "2023-06-06T12:32:57.047Z", "date_updated": "2023-06-06T12:32:57.047Z"}}]