[{"model": "user_management.user", "pk": 1, "fields": {"password": "pbkdf2_sha256$600000$tB0FciqDrIg6RGZQ7BT2hl$RtWgqaxmW0uVcgoT+X4j4tdAGbozVRMQDhuNdIzE6l0=", "last_login": "2023-07-14T09:30:52.881Z", "is_superuser": true, "first_name": "تایماز", "last_name": "اکبری", "is_staff": true, "is_active": true, "date_joined": "2023-07-10T08:26:03.554Z", "username": null, "profile": "images/profile/default_profile.png", "email": null, "phone": "09981879975", "national_code": "1660617332", "verified": false, "forgot_password_token": null, "is_delete": false, "groups": [], "user_permissions": []}}, {"model": "website_banner.sitebanner", "pk": 4, "fields": {"position": "HOME_PAGE_SLIDER_BANNER", "title": "main", "image": "images/banner/FRZRqO0KjpdmNJMA6l3EjirLdSkNxD.webp", "resize_width": 1350, "resize_height": 450, "image_alt": "Main Banner", "url": "http://localhost:3000/", "order": 1, "is_active": true, "date_created": "2023-06-03T19:42:14.489Z", "date_updated": "2023-07-08T07:45:04.363Z"}}, {"model": "website_banner.sitebanner", "pk": 5, "fields": {"position": "HOME_PAGE_SLIDER_BANNER", "title": "Anoter", "image": "images/banner/6KpUvPvCr4W1Opp2Hy0uHnmDlbML4r.webp", "resize_width": 1350, "resize_height": 450, "image_alt": "test", "url": "http://localhost:3000/", "order": 2, "is_active": true, "date_created": "2023-06-03T19:42:43.037Z", "date_updated": "2023-07-08T07:45:22.009Z"}}, {"model": "website_banner.sitebanner", "pk": 6, "fields": {"position": "HOME_PAGE_LARGE_BANNER", "title": "Large Banner", "image": "images/banner/v8G00sd85ck8KdZzhkfHWhS9CU2oxa.webp", "resize_width": 1350, "resize_height": 170, "image_alt": "large banner", "url": "http://taymaz-project.ir/", "order": 1, "is_active": true, "date_created": "2023-07-08T07:48:04.244Z", "date_updated": "2023-07-08T07:48:04.244Z"}}, {"model": "category_management.category", "pk": 1, "fields": {"image": "images/category/I0NemX2mLNPZQ8ditHQvy4iMPQEXzB.webp", "title_ir": "ادویه غذا", "title_en": "spice food", "display_title": "ادویه برای غذا", "slug": "spice-food", "order": 3, "parent": null, "date_created": "2023-06-03T09:45:19.709Z", "date_updated": "2023-06-15T09:53:33.520Z", "is_active": true, "lft": 1, "rght": 6, "tree_id": 4, "level": 0}}, {"model": "category_management.category", "pk": 2, "fields": {"image": "images/category/eRouZpy6knkvrZrtrMFmUtw8DwnJCz.webp", "title_ir": "ادویه نوشیدنی", "title_en": "drink spice", "display_title": "ادویه برای نوشیدنی", "slug": "drink-spice", "order": 2, "parent": null, "date_created": "2023-06-03T09:56:42.701Z", "date_updated": "2023-06-15T09:53:12.267Z", "is_active": true, "lft": 1, "rght": 6, "tree_id": 2, "level": 0}}, {"model": "category_management.category", "pk": 3, "fields": {"image": "images/category/VaNSxLdZwuvmq7LMYQpwPrbgQuwfWf.webp", "title_ir": "ادویه دارویی", "title_en": "medicinal spice", "display_title": "ادویه دارویی", "slug": "medicinal-spice", "order": 3, "parent": null, "date_created": "2023-06-03T09:57:39.575Z", "date_updated": "2023-06-15T09:53:26.486Z", "is_active": true, "lft": 1, "rght": 6, "tree_id": 3, "level": 0}}, {"model": "category_management.category", "pk": 4, "fields": {"image": "images/category/OvPalXs3NnZDrtF522eGqDb3xJP9pM.webp", "title_ir": "ادویه گوشت ومرغ", "title_en": "spices for meat and chicken", "display_title": "ادویه برای گوشت ومرغ", "slug": "spices-for-meat-and-chicken", "order": 1, "parent": 1, "date_created": "2023-06-03T09:58:34.118Z", "date_updated": "2023-06-15T06:56:03.010Z", "is_active": true, "lft": 2, "rght": 3, "tree_id": 4, "level": 1}}, {"model": "category_management.category", "pk": 5, "fields": {"image": "images/category/Xuuhh6iWn0woJQMgJ0Qj7She7sbFl4.webp", "title_ir": "ادویه سبزیجات", "title_en": "vegetable seasoning", "display_title": "ادویه برای سبزیجات", "slug": "vegetable-seasoning", "order": 2, "parent": 1, "date_created": "2023-06-03T09:59:10.277Z", "date_updated": "2023-06-15T06:56:15.056Z", "is_active": true, "lft": 4, "rght": 5, "tree_id": 4, "level": 1}}, {"model": "category_management.category", "pk": 6, "fields": {"image": "images/category/UytId112QeixeouwJkc4LU9RdnAbuL.webp", "title_ir": "ادویه چای", "title_en": "tea spice", "display_title": "ادویه برای چای", "slug": "tea-spice", "order": 1, "parent": 2, "date_created": "2023-06-03T09:59:42.576Z", "date_updated": "2023-06-15T06:55:17.451Z", "is_active": true, "lft": 2, "rght": 3, "tree_id": 2, "level": 1}}, {"model": "category_management.category", "pk": 7, "fields": {"image": "images/category/rlhtLHSKXaslwQhc3X30OZ1Znd2sLh.webp", "title_ir": "ادویه قهوه", "title_en": "coffee spice", "display_title": "ادویه برای قهوه", "slug": "coffee-spice", "order": 1, "parent": 2, "date_created": "2023-06-03T10:00:02.402Z", "date_updated": "2023-06-15T06:55:27.671Z", "is_active": true, "lft": 4, "rght": 5, "tree_id": 2, "level": 1}}, {"model": "category_management.category", "pk": 8, "fields": {"image": "images/category/ZJIUqb8J4pcRfOg5z92R7QnojKjXjA.webp", "title_ir": "ادویه سرماخوردگی", "title_en": "cold  spice", "display_title": "ادویه برای سرماخوردگی", "slug": "cold-spice", "order": 1, "parent": 3, "date_created": "2023-06-03T10:01:48.191Z", "date_updated": "2023-06-15T06:55:39.214Z", "is_active": true, "lft": 2, "rght": 3, "tree_id": 3, "level": 1}}, {"model": "category_management.category", "pk": 9, "fields": {"image": "images/category/C4tOI0zPnShPQhsSaWTjWbHer9JUIC.webp", "title_ir": "ادویه درد مفاصل", "title_en": "spice for joint pain", "display_title": "ادویه برای درد مفاصل", "slug": "spice-for-joint-pain", "order": 2, "parent": 3, "date_created": "2023-06-03T10:02:28.867Z", "date_updated": "2023-06-15T06:55:50.888Z", "is_active": true, "lft": 4, "rght": 5, "tree_id": 3, "level": 1}}, {"model": "product_management.varianttype", "pk": 1, "fields": {"title_ir": "وزن", "title_en": "weight", "select_style": "RADIO_BOX", "is_none": false}}, {"model": "product_management.product", "pk": 1, "fields": {"image": "images/product/NjuzXgTg8grXe2gRJ5gxbYxTuuZXFd.webp", "title_ir": "دارچین", "title_en": "Cinnamon", "slug": "cinnamon", "sku": 22571, "description": "", "variant_type": 1, "date_created": "2023-06-03T11:37:10.302Z", "date_updated": "2023-06-15T06:54:30.844Z", "is_active": true, "category": [2, 6]}}, {"model": "product_management.product", "pk": 2, "fields": {"image": "images/product/ydhUq7jI8buZ52CvYEBJlnUIntpLBU.webp", "title_ir": "پوست پرتقال", "title_en": "orange peel", "slug": "orange-peel", "sku": 68511, "description": "", "variant_type": 1, "date_created": "2023-06-03T12:14:31.783Z", "date_updated": "2023-06-15T06:54:01.547Z", "is_active": true, "category": [2, 6]}}, {"model": "product_management.product", "pk": 3, "fields": {"image": "images/product/PJHKLIE9o0PTFYqwS0EuNdMIPNlMbJ.webp", "title_ir": "فلفل سیاه", "title_en": "Black pepper", "slug": "black-pepper", "sku": 89193, "description": "", "variant_type": 1, "date_created": "2023-06-03T12:15:28.467Z", "date_updated": "2023-07-14T11:32:09.754Z", "is_active": true, "category": [1, 4]}}, {"model": "product_management.product", "pk": 4, "fields": {"image": "images/product/sME1fQzKNkHsZZiEO4mVCXTLHn05sG.webp", "title_ir": "زعفران", "title_en": "Saffron", "slug": "saffron", "sku": 69478, "description": "", "variant_type": 1, "date_created": "2023-06-03T12:15:58.147Z", "date_updated": "2023-06-15T06:52:48.310Z", "is_active": true, "category": [1, 4]}}, {"model": "product_management.product", "pk": 5, "fields": {"image": "images/product/a4H4hdXf1n8G3eU2KpALrqV9TXX1dJ.webp", "title_ir": "زنجبیل", "title_en": "Ginger", "slug": "ginger", "sku": 97721, "description": "", "variant_type": 1, "date_created": "2023-06-03T12:16:32.995Z", "date_updated": "2023-06-15T06:52:05.135Z", "is_active": true, "category": [3, 8]}}, {"model": "product_management.product", "pk": 6, "fields": {"image": "images/product/j8oT5I5atHEbCycTustNZ6iZ3BbI9v.webp", "title_ir": "آویشن", "title_en": "Thyme", "slug": "thyme", "sku": 56876, "description": "", "variant_type": 1, "date_created": "2023-06-03T12:17:10.354Z", "date_updated": "2023-06-15T06:51:33.362Z", "is_active": true, "category": [3, 8]}}, {"model": "product_management.product", "pk": 7, "fields": {"image": "images/product/Bw3jv1YIFwIt6QmchVrMUYuvb5ymCA.webp", "title_ir": "کنجد", "title_en": "Sesame", "slug": "sesame", "sku": 42785, "description": "", "variant_type": 1, "date_created": "2023-06-03T12:17:49.726Z", "date_updated": "2023-06-15T06:50:47.585Z", "is_active": true, "category": [3, 9]}}, {"model": "product_management.product", "pk": 8, "fields": {"image": "images/product/RpxahUibVPKZ3mpbEsAAl6T0hGSVfy.webp", "title_ir": "دانه های لین", "title_en": "Linseeds", "slug": "linseeds", "sku": 72460, "description": "", "variant_type": 1, "date_created": "2023-06-03T12:18:52.052Z", "date_updated": "2023-07-07T09:04:51.388Z", "is_active": true, "category": [3, 9]}}, {"model": "product_management.product", "pk": 9, "fields": {"image": "images/product/OcQoB15eVK3c0I2ZJRLkrLGI8benk4.webp", "title_ir": "زردچوبه", "title_en": "Turmeric", "slug": "turmeric", "sku": 72486, "description": "", "variant_type": 1, "date_created": "2023-06-03T12:19:14.187Z", "date_updated": "2023-07-07T09:05:17.687Z", "is_active": true, "category": [1, 5]}}, {"model": "product_management.product", "pk": 10, "fields": {"image": "images/product/uBvjD8P4frZeiTbHlxUBOGS1TI3BHg.webp", "title_ir": "رازیانه رازیانه رازیانه رازیانه رازیانه رازیانه رازیانه رازیانه رازیانه ه رازیانه رازیانه رازیانه رازیانه رازیانه رازیانه", "title_en": "fennel", "slug": "fennel", "sku": 14694, "description": "", "variant_type": 1, "date_created": "2023-06-03T12:19:40.104Z", "date_updated": "2023-07-15T08:21:36.143Z", "is_active": true, "category": [1, 5]}}, {"model": "product_management.product", "pk": 11, "fields": {"image": "images/product/SkYBWssqXRTrbx04pjGO9XItS6ATD0.webp", "title_ir": "کارداموم", "title_en": "Cardamom", "slug": "cardamom", "sku": 63572, "description": "", "variant_type": 1, "date_created": "2023-06-03T12:20:02.784Z", "date_updated": "2023-07-07T09:05:02.705Z", "is_active": true, "category": [2, 7]}}, {"model": "product_management.product", "pk": 12, "fields": {"image": "images/product/aq08U6Sf8Bbiu2F4n0Nio2DLlz0rKI.webp", "title_ir": "نیم دانه خردل", "title_en": "Half mustard seed", "slug": "half-mustard-seed", "sku": 81238, "description": "", "variant_type": 1, "date_created": "2023-06-03T12:20:41.881Z", "date_updated": "2023-07-07T09:04:56.496Z", "is_active": true, "category": [2, 7]}}, {"model": "product_management.product", "pk": 13, "fields": {"image": "images/product/QYN7izNdiu0gIPCAwf61snqx4xZbKj.webp", "title_ir": "test api", "title_en": "صwfafwafwa", "slug": "wfafwafwa", "sku": 95431, "description": "<p>wfa</p>", "variant_type": 1, "date_created": "2023-07-16T09:57:25.150Z", "date_updated": "2023-07-16T09:57:25.150Z", "is_active": true, "category": [7]}}, {"model": "product_management.variantprefix", "pk": 1, "fields": {"name": "کیلو گرم"}}, {"model": "product_management.variantprefix", "pk": 2, "fields": {"name": "گرم"}}, {"model": "product_management.variantvalue", "pk": 1, "fields": {"type": 1, "value": "1", "prefix": 1, "color_code": null}}, {"model": "product_management.variantvalue", "pk": 2, "fields": {"type": 1, "value": "100", "prefix": 2, "color_code": null}}, {"model": "product_management.variantvalue", "pk": 3, "fields": {"type": 1, "value": "500", "prefix": 2, "color_code": null}}, {"model": "product_management.variantvalue", "pk": 4, "fields": {"type": 1, "value": "2", "prefix": 1, "color_code": null}}, {"model": "product_management.productvariant", "pk": 1, "fields": {"product": 1, "type": 1, "value": 1, "price": 12000000, "special_price": 10000000, "special_price_start_date": "2023-06-06T20:08:14.083Z", "special_price_end_date": "2023-06-06T20:08:14.068Z", "stock": 6, "order": 1, "is_active": true}}, {"model": "product_management.productvariant", "pk": 2, "fields": {"product": 2, "type": 1, "value": 2, "price": 500000, "special_price": null, "special_price_start_date": "2023-06-06T20:08:14.083Z", "special_price_end_date": "2023-06-06T20:08:14.068Z", "stock": 6, "order": 1, "is_active": true}}, {"model": "product_management.productvariant", "pk": 3, "fields": {"product": 2, "type": 1, "value": 1, "price": 5000000, "special_price": 3000000, "special_price_start_date": "2023-06-06T20:08:14.083Z", "special_price_end_date": "2023-06-06T20:08:14.068Z", "stock": 5, "order": 1, "is_active": true}}, {"model": "product_management.productvariant", "pk": 4, "fields": {"product": 3, "type": 1, "value": 2, "price": 100000, "special_price": 50000, "special_price_start_date": "2023-06-06T20:08:14.083Z", "special_price_end_date": "2023-06-06T20:08:14.068Z", "stock": 0, "order": 1, "is_active": false}}, {"model": "product_management.productvariant", "pk": 5, "fields": {"product": 3, "type": 1, "value": 1, "price": 200000, "special_price": null, "special_price_start_date": "2023-06-06T20:08:14Z", "special_price_end_date": "2023-06-06T20:08:14Z", "stock": 2, "order": 1, "is_active": true}}, {"model": "product_management.productvariant", "pk": 6, "fields": {"product": 4, "type": 1, "value": 1, "price": 5000000, "special_price": null, "special_price_start_date": "2023-06-06T20:08:14.083Z", "special_price_end_date": "2023-06-06T20:08:14.068Z", "stock": 5, "order": 1, "is_active": true}}, {"model": "product_management.productvariant", "pk": 7, "fields": {"product": 4, "type": 1, "value": 2, "price": 8000000, "special_price": null, "special_price_start_date": "2023-06-06T20:08:14.083Z", "special_price_end_date": "2023-06-06T20:08:14.068Z", "stock": 5, "order": 1, "is_active": true}}, {"model": "product_management.productvariant", "pk": 8, "fields": {"product": 5, "type": 1, "value": 1, "price": 30000, "special_price": 20000, "special_price_start_date": "2023-06-06T20:08:14.083Z", "special_price_end_date": "2023-06-06T20:08:14.068Z", "stock": 4, "order": 1, "is_active": true}}, {"model": "product_management.productvariant", "pk": 9, "fields": {"product": 6, "type": 1, "value": 1, "price": 30000, "special_price": 4000, "special_price_start_date": "2023-06-06T20:08:14.083Z", "special_price_end_date": "2023-06-06T20:08:14.068Z", "stock": 1, "order": 1, "is_active": true}}, {"model": "product_management.productvariant", "pk": 10, "fields": {"product": 7, "type": 1, "value": 1, "price": 10900000, "special_price": 10200000, "special_price_start_date": "2023-06-06T20:08:14.083Z", "special_price_end_date": "2023-06-06T20:08:14.068Z", "stock": 2, "order": 1, "is_active": true}}, {"model": "product_management.productvariant", "pk": 11, "fields": {"product": 8, "type": 1, "value": 2, "price": 5000000, "special_price": null, "special_price_start_date": "2023-06-06T20:08:14Z", "special_price_end_date": "2023-06-06T20:08:14Z", "stock": 7, "order": 1, "is_active": true}}, {"model": "product_management.productvariant", "pk": 12, "fields": {"product": 9, "type": 1, "value": 2, "price": 40000, "special_price": 30000, "special_price_start_date": "2023-06-09T11:04:28Z", "special_price_end_date": "2023-06-09T11:55:34Z", "stock": 0, "order": 1, "is_active": false}}, {"model": "product_management.productvariant", "pk": 13, "fields": {"product": 10, "type": 1, "value": 1, "price": 1000000, "special_price": 200000, "special_price_start_date": "2023-07-04T20:09:32Z", "special_price_end_date": "2023-08-04T20:09:33Z", "stock": 0, "order": 3, "is_active": false}}, {"model": "product_management.productvariant", "pk": 14, "fields": {"product": 11, "type": 1, "value": 2, "price": 3780000, "special_price": null, "special_price_start_date": null, "special_price_end_date": null, "stock": 3, "order": 1, "is_active": true}}, {"model": "product_management.productvariant", "pk": 15, "fields": {"product": 12, "type": 1, "value": 2, "price": 210000, "special_price": 110000, "special_price_start_date": "2023-06-06T20:08:14Z", "special_price_end_date": "2023-06-06T20:08:14Z", "stock": 9, "order": 1, "is_active": true}}, {"model": "product_management.productvariant", "pk": 16, "fields": {"product": 10, "type": 1, "value": 2, "price": 100000, "special_price": 90000, "special_price_start_date": "2023-07-04T20:02:46Z", "special_price_end_date": "2023-09-04T20:02:48Z", "stock": 3, "order": 1, "is_active": true}}, {"model": "product_management.productvariant", "pk": 17, "fields": {"product": 10, "type": 1, "value": 3, "price": 500000, "special_price": 400000, "special_price_start_date": null, "special_price_end_date": null, "stock": 3, "order": 2, "is_active": false}}, {"model": "product_management.productvariant", "pk": 18, "fields": {"product": 10, "type": 1, "value": 4, "price": 2000000, "special_price": null, "special_price_start_date": "2023-06-19T10:41:51Z", "special_price_end_date": "2023-06-19T20:55:01Z", "stock": 0, "order": 4, "is_active": false}}, {"model": "product_management.productvariant", "pk": 19, "fields": {"product": 10, "type": null, "value": null, "price": 0, "special_price": null, "special_price_start_date": null, "special_price_end_date": null, "stock": 0, "order": 1, "is_active": false}}, {"model": "product_management.productvariant", "pk": 20, "fields": {"product": 13, "type": 1, "value": 1, "price": 2, "special_price": null, "special_price_start_date": null, "special_price_end_date": null, "stock": 0, "order": 1, "is_active": false}}, {"model": "product_management.productvisit", "pk": 1, "fields": {"product": 11, "ip": "127.0.0.1", "user": null}}, {"model": "product_management.productvisit", "pk": 2, "fields": {"product": 10, "ip": "127.0.0.1", "user": null}}, {"model": "product_management.productvisit", "pk": 3, "fields": {"product": 12, "ip": "127.0.0.1", "user": null}}, {"model": "product_management.productvisit", "pk": 4, "fields": {"product": 8, "ip": "127.0.0.1", "user": null}}, {"model": "product_management.productvisit", "pk": 5, "fields": {"product": 3, "ip": "127.0.0.1", "user": null}}, {"model": "product_management.productvisit", "pk": 6, "fields": {"product": 6, "ip": "127.0.0.1", "user": null}}, {"model": "product_management.productvisit", "pk": 7, "fields": {"product": 5, "ip": "127.0.0.1", "user": null}}, {"model": "product_management.productvisit", "pk": 8, "fields": {"product": 7, "ip": "127.0.0.1", "user": null}}, {"model": "product_management.productvisit", "pk": 9, "fields": {"product": 2, "ip": "127.0.0.1", "user": null}}, {"model": "product_management.productvisit", "pk": 10, "fields": {"product": 1, "ip": "127.0.0.1", "user": null}}, {"model": "product_management.productvisit", "pk": 11, "fields": {"product": 6, "ip": "127.0.0.1", "user": 1}}, {"model": "product_management.productvisit", "pk": 12, "fields": {"product": 10, "ip": "127.0.0.1", "user": 1}}, {"model": "product_management.productvisit", "pk": 13, "fields": {"product": 3, "ip": "127.0.0.1", "user": 1}}, {"model": "product_management.property", "pk": 1, "fields": {"name": "توضیحات محصول"}}, {"model": "product_management.property", "pk": 2, "fields": {"name": "ویژگی محصول"}}, {"model": "product_management.property", "pk": 3, "fields": {"name": "مناسب برای"}}, {"model": "product_management.productproperty", "pk": 1, "fields": {"product": 10, "property": 1, "value": "<p>گريد انرژي A - پنل VA - قابليت اتصال به اينترنت دارد - زاویه دید گسترده - میلیاردها رنگ غنی - نور پس</p>"}}, {"model": "product_management.productproperty", "pk": 2, "fields": {"product": 10, "property": 2, "value": "<p>- درمان افسردگی<br />\r\n- درمان سرماخوردگی<br />\r\n- درمان مریضی</p>"}}, {"model": "product_management.productproperty", "pk": 3, "fields": {"product": 10, "property": 3, "value": "<p>- غذا های گرم<br />\r\n- غذا های سرد</p>"}}, {"model": "product_management.userfavoriteproducts", "pk": 1, "fields": {"user": 1, "product": 11, "is_delete": true}}, {"model": "product_management.userfavoriteproducts", "pk": 2, "fields": {"user": 1, "product": 11, "is_delete": true}}, {"model": "product_management.userfavoriteproducts", "pk": 3, "fields": {"user": 1, "product": 11, "is_delete": true}}, {"model": "product_management.userfavoriteproducts", "pk": 6, "fields": {"user": 1, "product": 10, "is_delete": true}}, {"model": "product_management.userfavoriteproducts", "pk": 7, "fields": {"user": 1, "product": 12, "is_delete": false}}, {"model": "product_management.userfavoriteproducts", "pk": 8, "fields": {"user": 1, "product": 11, "is_delete": true}}, {"model": "product_management.userfavoriteproducts", "pk": 9, "fields": {"user": 1, "product": 11, "is_delete": true}}, {"model": "product_management.userfavoriteproducts", "pk": 10, "fields": {"user": 1, "product": 11, "is_delete": true}}, {"model": "product_management.userfavoriteproducts", "pk": 11, "fields": {"user": 1, "product": 11, "is_delete": true}}, {"model": "product_management.userfavoriteproducts", "pk": 12, "fields": {"user": 1, "product": 11, "is_delete": false}}, {"model": "product_management.userfavoriteproducts", "pk": 14, "fields": {"user": 1, "product": 8, "is_delete": true}}, {"model": "product_management.userfavoriteproducts", "pk": 15, "fields": {"user": 1, "product": 8, "is_delete": false}}, {"model": "product_management.userfavoriteproducts", "pk": 17, "fields": {"user": 1, "product": 6, "is_delete": true}}, {"model": "product_management.userrecentvisitedproduct", "pk": 1, "fields": {"user": 1, "product": 6, "is_delete": false}}, {"model": "product_management.userrecentvisitedproduct", "pk": 2, "fields": {"user": 1, "product": 10, "is_delete": false}}, {"model": "product_management.userrecentvisitedproduct", "pk": 3, "fields": {"user": 1, "product": 3, "is_delete": false}}, {"model": "shipping_management.shippingservice", "pk": 1, "fields": {"image": "images/shipping-service/MNZ9mIZ2lkXkFqumtykUU3b8GPxcCq.png", "name": "تیپاکس", "is_active": true}}, {"model": "shipping_management.shippingservice", "pk": 2, "fields": {"image": "images/shipping-service/QrybMWvVzIyENezGPs9UnlOGkCALC3.png", "name": "پست پیشتاز", "is_active": true}}, {"model": "shipping_management.shippingrate", "pk": 6, "fields": {"shipping_service": 1, "area": null, "all_area": true, "pay_at_destination": true, "price": 0, "free_shipping_threshold": 0, "order": 1, "date_created": "2023-07-03T12:19:03.156Z", "date_updated": "2023-07-03T12:40:51.399Z", "is_active": true}}, {"model": "shipping_management.shippingrate", "pk": 7, "fields": {"shipping_service": 1, "area": "آذربایجان شرقی", "all_area": false, "pay_at_destination": false, "price": 10000, "free_shipping_threshold": 500000000, "order": 1, "date_created": "2023-07-03T12:19:27.700Z", "date_updated": "2023-07-03T13:05:23.755Z", "is_active": true}}, {"model": "shipping_management.shippingrate", "pk": 8, "fields": {"shipping_service": 2, "area": null, "all_area": true, "pay_at_destination": false, "price": 40000, "free_shipping_threshold": 0, "order": 1, "date_created": "2023-07-03T12:41:34.645Z", "date_updated": "2023-07-03T12:41:34.645Z", "is_active": true}}]